{"id-18373":{"title":"Kids Charity","id":18373,"publish-date":1522056794,"featured-image-url":"https:\/\/websitedemos.net\/wp-content\/uploads\/2019\/07\/kids-charity-03-homepage.jpg","thumbnail-image-url":"https:\/\/websitedemos.net\/wp-content\/uploads\/2019\/07\/kids-charity-03-homepage.jpg","fullpage-thumbnail-image-url":"https:\/\/websitedemos.net\/wp-content\/uploads\/2019\/07\/kids-charity-03-homepage.jpg","astra-site-url":"\/\/websitedemos.net\/kids-charity-03","astra-site-parent-id":169,"astra-sites-tag":{"625":"charity","978":"child-care","624":"foundation","626":"giving","977":"non-profit","745":"organization"},"astra-sites-type":"agency-mini","astra-site-category":{"36":"other"},"astra-sites-template-category":[],"astra-site-page-builder":"beaver-builder","categories":{"2492":"non-profit"},"required-plugins":[{"slug":"astra-addon","init":"astra-addon\/astra-addon.php","name":"Astra Pro"},{"slug":"beaver-builder-lite-version","init":"beaver-builder-lite-version\/fl-builder.php","name":"Beaver Builder Plugin (Lite Version)"},{"slug":"give","init":"give\/give.php","name":"Give - Donation Plugin"},{"slug":"bb-ultimate-addon","init":"bb-ultimate-addon\/bb-ultimate-addon.php","name":"Ultimate Addons for Beaver Builder"},{"slug":"wpforms-lite","init":"wpforms-lite\/wpforms.php","name":"WPForms Lite"}],"post-status":"publish","post-content":"","post-excerpt":"","pages":{"id-57942":{"title":"Donor Dashboard","featured-image-url":"","thumbnail-image-url":"","astra-page-api-url":"https:\/\/websitedemos.net\/kids-charity-03\/wp-json\/wp\/v2\/pages\/627","dynamic-page":"no","astra-page-url":"\/\/websitedemos.net\/kids-charity-03\/donor-dashboard\/","astra-sites-tag":[],"site-pages-type":[],"site-pages-page-builder":"gutenberg","site-pages-category":[],"site-pages-parent-category":[],"required-plugins":""},"id-23608":{"title":"Home","featured-image-url":"https:\/\/websitedemos.net\/wp-content\/uploads\/2019\/07\/kids-charity-03-homepage.jpg","thumbnail-image-url":"https:\/\/websitedemos.net\/wp-content\/uploads\/2019\/07\/kids-charity-03-homepage.jpg","astra-page-api-url":"https:\/\/websitedemos.net\/kids-charity-03\/wp-json\/wp\/v2\/pages\/121","dynamic-page":"no","astra-page-url":"\/\/websitedemos.net\/kids-charity-03\/","astra-sites-tag":{"423":"home"},"site-pages-type":"agency-mini","site-pages-page-builder":"beaver-builder","site-pages-category":[],"site-pages-parent-category":{"139":"other"},"required-plugins":[{"slug":"beaver-builder-lite-version","init":"beaver-builder-lite-version\/fl-builder.php","name":"Beaver Builder Plugin (Lite Version)"},{"slug":"bb-ultimate-addon","init":"bb-ultimate-addon\/bb-ultimate-addon.php","name":"Ultimate Addons for Beaver Builder"}]},"id-23611":{"title":"Who we are","featured-image-url":"https:\/\/websitedemos.net\/wp-content\/uploads\/2019\/07\/kids-charity-03-who-we-are.jpg","thumbnail-image-url":"https:\/\/websitedemos.net\/wp-content\/uploads\/2019\/07\/kids-charity-03-who-we-are.jpg","astra-page-api-url":"https:\/\/websitedemos.net\/kids-charity-03\/wp-json\/wp\/v2\/pages\/122","dynamic-page":"no","astra-page-url":"\/\/websitedemos.net\/kids-charity-03\/who-we-are\/","astra-sites-tag":{"352":"about","685":"who-we-are"},"site-pages-type":"agency-mini","site-pages-page-builder":"beaver-builder","site-pages-category":[],"site-pages-parent-category":{"139":"other"},"required-plugins":[{"slug":"beaver-builder-lite-version","init":"beaver-builder-lite-version\/fl-builder.php","name":"Beaver Builder Plugin (Lite Version)"},{"slug":"bb-ultimate-addon","init":"bb-ultimate-addon\/bb-ultimate-addon.php","name":"Ultimate Addons for Beaver Builder"}]},"id-23610":{"title":"What we do","featured-image-url":"https:\/\/websitedemos.net\/wp-content\/uploads\/2019\/07\/kids-charity-03-what-we-do.jpg","thumbnail-image-url":"https:\/\/websitedemos.net\/wp-content\/uploads\/2019\/07\/kids-charity-03-what-we-do.jpg","astra-page-api-url":"https:\/\/websitedemos.net\/kids-charity-03\/wp-json\/wp\/v2\/pages\/123","dynamic-page":"no","astra-page-url":"\/\/websitedemos.net\/kids-charity-03\/what-we-do\/","astra-sites-tag":{"628":"what-we-do","451":"work"},"site-pages-type":"agency-mini","site-pages-page-builder":"beaver-builder","site-pages-category":[],"site-pages-parent-category":{"139":"other"},"required-plugins":[{"slug":"beaver-builder-lite-version","init":"beaver-builder-lite-version\/fl-builder.php","name":"Beaver Builder Plugin (Lite Version)"},{"slug":"bb-ultimate-addon","init":"bb-ultimate-addon\/bb-ultimate-addon.php","name":"Ultimate Addons for Beaver Builder"}]},"id-23609":{"title":"Our Partners","featured-image-url":"https:\/\/websitedemos.net\/wp-content\/uploads\/2019\/07\/kids-charity-03-partners.jpg","thumbnail-image-url":"https:\/\/websitedemos.net\/wp-content\/uploads\/2019\/07\/kids-charity-03-partners.jpg","astra-page-api-url":"https:\/\/websitedemos.net\/kids-charity-03\/wp-json\/wp\/v2\/pages\/124","dynamic-page":"no","astra-page-url":"\/\/websitedemos.net\/kids-charity-03\/our-partners\/","astra-sites-tag":{"734":"partners","486":"team"},"site-pages-type":"agency-mini","site-pages-page-builder":"beaver-builder","site-pages-category":[],"site-pages-parent-category":{"139":"other"},"required-plugins":[{"slug":"beaver-builder-lite-version","init":"beaver-builder-lite-version\/fl-builder.php","name":"Beaver Builder Plugin (Lite Version)"},{"slug":"bb-ultimate-addon","init":"bb-ultimate-addon\/bb-ultimate-addon.php","name":"Ultimate Addons for Beaver Builder"}]},"id-23606":{"title":"Contact us","featured-image-url":"https:\/\/websitedemos.net\/wp-content\/uploads\/2019\/07\/kids-charity-03-contact.jpg","thumbnail-image-url":"https:\/\/websitedemos.net\/wp-content\/uploads\/2019\/07\/kids-charity-03-contact.jpg","astra-page-api-url":"https:\/\/websitedemos.net\/kids-charity-03\/wp-json\/wp\/v2\/pages\/125","dynamic-page":"no","astra-page-url":"\/\/websitedemos.net\/kids-charity-03\/contact-us\/","astra-sites-tag":{"415":"contact"},"site-pages-type":"agency-mini","site-pages-page-builder":"beaver-builder","site-pages-category":[],"site-pages-parent-category":{"139":"other"},"required-plugins":[{"slug":"beaver-builder-lite-version","init":"beaver-builder-lite-version\/fl-builder.php","name":"Beaver Builder Plugin (Lite Version)"},{"slug":"bb-ultimate-addon","init":"bb-ultimate-addon\/bb-ultimate-addon.php","name":"Ultimate Addons for Beaver Builder"},{"slug":"wpforms-lite","init":"wpforms-lite\/wpforms.php","name":"WPForms Lite"}]},"id-23607":{"title":"Donate","featured-image-url":"https:\/\/websitedemos.net\/wp-content\/uploads\/2019\/07\/kids-charity-03-donate.jpg","thumbnail-image-url":"https:\/\/websitedemos.net\/wp-content\/uploads\/2019\/07\/kids-charity-03-donate.jpg","astra-page-api-url":"https:\/\/websitedemos.net\/kids-charity-03\/wp-json\/wp\/v2\/pages\/103","dynamic-page":"no","astra-page-url":"\/\/websitedemos.net\/kids-charity-03\/donate\/","astra-sites-tag":{"735":"donate"},"site-pages-type":"agency-mini","site-pages-page-builder":"beaver-builder","site-pages-category":[],"site-pages-parent-category":{"139":"other"},"required-plugins":[{"slug":"beaver-builder-lite-version","init":"beaver-builder-lite-version\/fl-builder.php","name":"Beaver Builder Plugin (Lite Version)"},{"slug":"give","init":"give\/give.php","name":"Give - Donation Plugin"},{"slug":"bb-ultimate-addon","init":"bb-ultimate-addon\/bb-ultimate-addon.php","name":"Ultimate Addons for Beaver Builder"}]}},"related-bb-template":"","related-elementor-template":"","related-gutenberg-template":"","related_ecommerce_template":"","ecommerce_parent_template":""},"id-18363":{"title":"theAgency","id":18363,"publish-date":1521183423,"featured-image-url":"https:\/\/websitedemos.net\/wp-content\/uploads\/2019\/07\/wordpress-agency-03-homepage.jpg","thumbnail-image-url":"https:\/\/websitedemos.net\/wp-content\/uploads\/2019\/07\/wordpress-agency-03-homepage.jpg","fullpage-thumbnail-image-url":"https:\/\/websitedemos.net\/wp-content\/uploads\/2019\/07\/wordpress-agency-03-homepage.jpg","astra-site-url":"\/\/websitedemos.net\/wordpress-agency-03","astra-site-parent-id":133,"astra-sites-tag":{"663":"agency","979":"company","664":"digital-services","812":"office","665":"service-agency","661":"website"},"astra-sites-type":"agency-mini","astra-site-category":{"27":"business"},"astra-sites-template-category":[],"astra-site-page-builder":"beaver-builder","categories":{"2487":"agency"},"required-plugins":[{"slug":"astra-widgets","init":"astra-widgets\/astra-widgets.php","name":"Astra Widgets"},{"slug":"beaver-builder-lite-version","init":"beaver-builder-lite-version\/fl-builder.php","name":"Beaver Builder Plugin (Lite Version)"},{"slug":"bb-ultimate-addon","init":"bb-ultimate-addon\/bb-ultimate-addon.php","name":"Ultimate Addons for Beaver Builder"},{"slug":"wpforms-lite","init":"wpforms-lite\/wpforms.php","name":"WPForms Lite"}],"post-status":"publish","post-content":"","post-excerpt":"","pages":{"id-23274":{"title":"Home","featured-image-url":"https:\/\/websitedemos.net\/wp-content\/uploads\/2019\/07\/wordpress-agency-03-homepage.jpg","thumbnail-image-url":"https:\/\/websitedemos.net\/wp-content\/uploads\/2019\/07\/wordpress-agency-03-homepage.jpg","astra-page-api-url":"https:\/\/websitedemos.net\/wordpress-agency-03\/wp-json\/wp\/v2\/pages\/8","dynamic-page":"no","astra-page-url":"\/\/websitedemos.net\/wordpress-agency-03\/","astra-sites-tag":{"423":"home"},"site-pages-type":"agency-mini","site-pages-page-builder":"beaver-builder","site-pages-category":[],"site-pages-parent-category":{"60":"business"},"required-plugins":[{"slug":"beaver-builder-lite-version","init":"beaver-builder-lite-version\/fl-builder.php","name":"Beaver Builder Plugin (Lite Version)"},{"slug":"bb-ultimate-addon","init":"bb-ultimate-addon\/bb-ultimate-addon.php","name":"Ultimate Addons for Beaver Builder"}]},"id-23271":{"title":"About","featured-image-url":"https:\/\/websitedemos.net\/wp-content\/uploads\/2019\/07\/wordpress-agency-03-about-1.jpg","thumbnail-image-url":"https:\/\/websitedemos.net\/wp-content\/uploads\/2019\/07\/wordpress-agency-03-about-1.jpg","astra-page-api-url":"https:\/\/websitedemos.net\/wordpress-agency-03\/wp-json\/wp\/v2\/pages\/25","dynamic-page":"no","astra-page-url":"\/\/websitedemos.net\/wordpress-agency-03\/about\/","astra-sites-tag":{"352":"about"},"site-pages-type":"agency-mini","site-pages-page-builder":"beaver-builder","site-pages-category":[],"site-pages-parent-category":{"60":"business"},"required-plugins":[{"slug":"beaver-builder-lite-version","init":"beaver-builder-lite-version\/fl-builder.php","name":"Beaver Builder Plugin (Lite Version)"},{"slug":"bb-ultimate-addon","init":"bb-ultimate-addon\/bb-ultimate-addon.php","name":"Ultimate Addons for Beaver Builder"}]},"id-23276":{"title":"Services","featured-image-url":"https:\/\/websitedemos.net\/wp-content\/uploads\/2019\/07\/wordpress-agency-03-services-1.jpg","thumbnail-image-url":"https:\/\/websitedemos.net\/wp-content\/uploads\/2019\/07\/wordpress-agency-03-services-1.jpg","astra-page-api-url":"https:\/\/websitedemos.net\/wordpress-agency-03\/wp-json\/wp\/v2\/pages\/26","dynamic-page":"no","astra-page-url":"\/\/websitedemos.net\/wordpress-agency-03\/services\/","astra-sites-tag":{"425":"services"},"site-pages-type":"agency-mini","site-pages-page-builder":"beaver-builder","site-pages-category":[],"site-pages-parent-category":{"60":"business"},"required-plugins":[{"slug":"beaver-builder-lite-version","init":"beaver-builder-lite-version\/fl-builder.php","name":"Beaver Builder Plugin (Lite Version)"},{"slug":"bb-ultimate-addon","init":"bb-ultimate-addon\/bb-ultimate-addon.php","name":"Ultimate Addons for Beaver Builder"}]},"id-23275":{"title":"Projects","featured-image-url":"https:\/\/websitedemos.net\/wp-content\/uploads\/2019\/07\/wordpress-agency-03-projects-1.jpg","thumbnail-image-url":"https:\/\/websitedemos.net\/wp-content\/uploads\/2019\/07\/wordpress-agency-03-projects-1.jpg","astra-page-api-url":"https:\/\/websitedemos.net\/wordpress-agency-03\/wp-json\/wp\/v2\/pages\/27","dynamic-page":"no","astra-page-url":"\/\/websitedemos.net\/wordpress-agency-03\/projects\/","astra-sites-tag":{"424":"project"},"site-pages-type":"agency-mini","site-pages-page-builder":"beaver-builder","site-pages-category":[],"site-pages-parent-category":{"60":"business"},"required-plugins":[{"slug":"beaver-builder-lite-version","init":"beaver-builder-lite-version\/fl-builder.php","name":"Beaver Builder Plugin (Lite Version)"},{"slug":"bb-ultimate-addon","init":"bb-ultimate-addon\/bb-ultimate-addon.php","name":"Ultimate Addons for Beaver Builder"}]},"id-23277":{"title":"Testimonials","featured-image-url":"https:\/\/websitedemos.net\/wp-content\/uploads\/2019\/07\/wordpress-agency-03-testimonials-3.jpg","thumbnail-image-url":"https:\/\/websitedemos.net\/wp-content\/uploads\/2019\/07\/wordpress-agency-03-testimonials-3.jpg","astra-page-api-url":"https:\/\/websitedemos.net\/wordpress-agency-03\/wp-json\/wp\/v2\/pages\/28","dynamic-page":"no","astra-page-url":"\/\/websitedemos.net\/wordpress-agency-03\/testimonials\/","astra-sites-tag":{"433":"testimonials"},"site-pages-type":"agency-mini","site-pages-page-builder":"beaver-builder","site-pages-category":[],"site-pages-parent-category":{"60":"business"},"required-plugins":[{"slug":"beaver-builder-lite-version","init":"beaver-builder-lite-version\/fl-builder.php","name":"Beaver Builder Plugin (Lite Version)"},{"slug":"bb-ultimate-addon","init":"bb-ultimate-addon\/bb-ultimate-addon.php","name":"Ultimate Addons for Beaver Builder"}]},"id-23273":{"title":"Contact","featured-image-url":"https:\/\/websitedemos.net\/wp-content\/uploads\/2019\/07\/wordpress-agency-03-contact-2.jpg","thumbnail-image-url":"https:\/\/websitedemos.net\/wp-content\/uploads\/2019\/07\/wordpress-agency-03-contact-2.jpg","astra-page-api-url":"https:\/\/websitedemos.net\/wordpress-agency-03\/wp-json\/wp\/v2\/pages\/29","dynamic-page":"no","astra-page-url":"\/\/websitedemos.net\/wordpress-agency-03\/contact\/","astra-sites-tag":{"415":"contact"},"site-pages-type":"agency-mini","site-pages-page-builder":"beaver-builder","site-pages-category":[],"site-pages-parent-category":{"60":"business"},"required-plugins":[{"slug":"beaver-builder-lite-version","init":"beaver-builder-lite-version\/fl-builder.php","name":"Beaver Builder Plugin (Lite Version)"},{"slug":"bb-ultimate-addon","init":"bb-ultimate-addon\/bb-ultimate-addon.php","name":"Ultimate Addons for Beaver Builder"},{"slug":"wpforms-lite","init":"wpforms-lite\/wpforms.php","name":"WPForms Lite"}]}},"related-bb-template":"","related-elementor-template":"","related-gutenberg-template":"","related_ecommerce_template":"","ecommerce_parent_template":""},"id-18372":{"title":"Coach","id":18372,"publish-date":1521183405,"featured-image-url":"https:\/\/websitedemos.net\/wp-content\/uploads\/2019\/07\/coach-03-homepage.jpg","thumbnail-image-url":"https:\/\/websitedemos.net\/wp-content\/uploads\/2019\/07\/coach-03-homepage.jpg","fullpage-thumbnail-image-url":"https:\/\/websitedemos.net\/wp-content\/uploads\/2019\/07\/coach-03-homepage.jpg","astra-site-url":"\/\/websitedemos.net\/coach-03","astra-site-parent-id":236,"astra-sites-tag":{"854":"coach","610":"coaching","608":"guidance","612":"life-coach","609":"motivator","611":"self-improvement"},"astra-sites-type":"agency-mini","astra-site-category":{"27":"business"},"astra-sites-template-category":[],"astra-site-page-builder":"beaver-builder","categories":{"2483":"expert-services"},"required-plugins":[{"slug":"beaver-builder-lite-version","init":"beaver-builder-lite-version\/fl-builder.php","name":"Beaver Builder Plugin (Lite Version)"},{"slug":"bb-ultimate-addon","init":"bb-ultimate-addon\/bb-ultimate-addon.php","name":"Ultimate Addons for Beaver Builder"},{"slug":"wpforms-lite","init":"wpforms-lite\/wpforms.php","name":"WPForms Lite"}],"post-status":"publish","post-content":"","post-excerpt":"","pages":{"id-24510":{"title":"Home","featured-image-url":"https:\/\/websitedemos.net\/wp-content\/uploads\/2019\/07\/coach-03-homepage.jpg","thumbnail-image-url":"https:\/\/websitedemos.net\/wp-content\/uploads\/2019\/07\/coach-03-homepage.jpg","astra-page-api-url":"https:\/\/websitedemos.net\/coach-03\/wp-json\/wp\/v2\/pages\/7","dynamic-page":"no","astra-page-url":"\/\/websitedemos.net\/coach-03\/","astra-sites-tag":{"423":"home"},"site-pages-type":"agency-mini","site-pages-page-builder":"beaver-builder","site-pages-category":[],"site-pages-parent-category":{"60":"business"},"required-plugins":[{"slug":"beaver-builder-lite-version","init":"beaver-builder-lite-version\/fl-builder.php","name":"Beaver Builder Plugin (Lite Version)"},{"slug":"bb-ultimate-addon","init":"bb-ultimate-addon\/bb-ultimate-addon.php","name":"Ultimate Addons for Beaver Builder"}]},"id-24505":{"title":"About","featured-image-url":"https:\/\/websitedemos.net\/wp-content\/uploads\/2019\/07\/coach-03-about-1.jpg","thumbnail-image-url":"https:\/\/websitedemos.net\/wp-content\/uploads\/2019\/07\/coach-03-about-1.jpg","astra-page-api-url":"https:\/\/websitedemos.net\/coach-03\/wp-json\/wp\/v2\/pages\/20","dynamic-page":"no","astra-page-url":"\/\/websitedemos.net\/coach-03\/about\/","astra-sites-tag":{"352":"about"},"site-pages-type":"agency-mini","site-pages-page-builder":"beaver-builder","site-pages-category":[],"site-pages-parent-category":{"60":"business"},"required-plugins":[{"slug":"beaver-builder-lite-version","init":"beaver-builder-lite-version\/fl-builder.php","name":"Beaver Builder Plugin (Lite Version)"},{"slug":"bb-ultimate-addon","init":"bb-ultimate-addon\/bb-ultimate-addon.php","name":"Ultimate Addons for Beaver Builder"}]},"id-24509":{"title":"e-Books","featured-image-url":"https:\/\/websitedemos.net\/wp-content\/uploads\/2019\/07\/coach-03-e-books.jpg","thumbnail-image-url":"https:\/\/websitedemos.net\/wp-content\/uploads\/2019\/07\/coach-03-e-books.jpg","astra-page-api-url":"https:\/\/websitedemos.net\/coach-03\/wp-json\/wp\/v2\/pages\/21","dynamic-page":"no","astra-page-url":"\/\/websitedemos.net\/coach-03\/e-books\/","astra-sites-tag":{"781":"e-book"},"site-pages-type":"agency-mini","site-pages-page-builder":"beaver-builder","site-pages-category":[],"site-pages-parent-category":{"60":"business"},"required-plugins":[{"slug":"beaver-builder-lite-version","init":"beaver-builder-lite-version\/fl-builder.php","name":"Beaver Builder Plugin (Lite Version)"},{"slug":"bb-ultimate-addon","init":"bb-ultimate-addon\/bb-ultimate-addon.php","name":"Ultimate Addons for Beaver Builder"}]},"id-24508":{"title":"Courses","featured-image-url":"https:\/\/websitedemos.net\/wp-content\/uploads\/2019\/07\/coach-03-courses.jpg","thumbnail-image-url":"https:\/\/websitedemos.net\/wp-content\/uploads\/2019\/07\/coach-03-courses.jpg","astra-page-api-url":"https:\/\/websitedemos.net\/coach-03\/wp-json\/wp\/v2\/pages\/22","dynamic-page":"no","astra-page-url":"\/\/websitedemos.net\/coach-03\/courses\/","astra-sites-tag":{"462":"courses"},"site-pages-type":"agency-mini","site-pages-page-builder":"beaver-builder","site-pages-category":[],"site-pages-parent-category":{"60":"business"},"required-plugins":[{"slug":"beaver-builder-lite-version","init":"beaver-builder-lite-version\/fl-builder.php","name":"Beaver Builder Plugin (Lite Version)"},{"slug":"bb-ultimate-addon","init":"bb-ultimate-addon\/bb-ultimate-addon.php","name":"Ultimate Addons for Beaver Builder"}]},"id-24507":{"title":"Contact","featured-image-url":"https:\/\/websitedemos.net\/wp-content\/uploads\/2019\/07\/coach-03-contact.jpg","thumbnail-image-url":"https:\/\/websitedemos.net\/wp-content\/uploads\/2019\/07\/coach-03-contact.jpg","astra-page-api-url":"https:\/\/websitedemos.net\/coach-03\/wp-json\/wp\/v2\/pages\/24","dynamic-page":"no","astra-page-url":"\/\/websitedemos.net\/coach-03\/contact\/","astra-sites-tag":{"415":"contact"},"site-pages-type":"agency-mini","site-pages-page-builder":"beaver-builder","site-pages-category":[],"site-pages-parent-category":{"60":"business"},"required-plugins":[{"slug":"beaver-builder-lite-version","init":"beaver-builder-lite-version\/fl-builder.php","name":"Beaver Builder Plugin (Lite Version)"},{"slug":"bb-ultimate-addon","init":"bb-ultimate-addon\/bb-ultimate-addon.php","name":"Ultimate Addons for Beaver Builder"},{"slug":"wpforms-lite","init":"wpforms-lite\/wpforms.php","name":"WPForms Lite"}]}},"related-bb-template":"","related-elementor-template":"","related-gutenberg-template":"","related_ecommerce_template":"","ecommerce_parent_template":""},"id-18361":{"title":"Five Days Website","id":18361,"publish-date":1521183383,"featured-image-url":"https:\/\/websitedemos.net\/wp-content\/uploads\/2019\/07\/creative-agency-03-homepage.jpg","thumbnail-image-url":"https:\/\/websitedemos.net\/wp-content\/uploads\/2019\/07\/creative-agency-03-homepage.jpg","fullpage-thumbnail-image-url":"https:\/\/websitedemos.net\/wp-content\/uploads\/2019\/07\/creative-agency-03-homepage.jpg","astra-site-url":"\/\/websitedemos.net\/creative-agency-03","astra-site-parent-id":178,"astra-sites-tag":{"663":"agency","664":"digital-services","665":"service-agency","661":"website"},"astra-sites-type":"agency-mini","astra-site-category":{"27":"business"},"astra-sites-template-category":[],"astra-site-page-builder":"beaver-builder","categories":{"2487":"agency"},"required-plugins":[{"slug":"beaver-builder-lite-version","init":"beaver-builder-lite-version\/fl-builder.php","name":"Beaver Builder Plugin (Lite Version)"},{"slug":"bb-ultimate-addon","init":"bb-ultimate-addon\/bb-ultimate-addon.php","name":"Ultimate Addons for Beaver Builder"},{"slug":"wpforms-lite","init":"wpforms-lite\/wpforms.php","name":"WPForms Lite"}],"post-status":"publish","post-content":"","post-excerpt":"","pages":{"id-23665":{"title":"Home","featured-image-url":"https:\/\/websitedemos.net\/wp-content\/uploads\/2019\/07\/creative-agency-03-homepage.jpg","thumbnail-image-url":"https:\/\/websitedemos.net\/wp-content\/uploads\/2019\/07\/creative-agency-03-homepage.jpg","astra-page-api-url":"https:\/\/websitedemos.net\/creative-agency-03\/wp-json\/wp\/v2\/pages\/10","dynamic-page":"no","astra-page-url":"\/\/websitedemos.net\/creative-agency-03\/","astra-sites-tag":{"423":"home"},"site-pages-type":"agency-mini","site-pages-page-builder":"beaver-builder","site-pages-category":[],"site-pages-parent-category":{"60":"business"},"required-plugins":[{"slug":"beaver-builder-lite-version","init":"beaver-builder-lite-version\/fl-builder.php","name":"Beaver Builder Plugin (Lite Version)"},{"slug":"bb-ultimate-addon","init":"bb-ultimate-addon\/bb-ultimate-addon.php","name":"Ultimate Addons for Beaver Builder"}]},"id-23667":{"title":"Services","featured-image-url":"https:\/\/websitedemos.net\/wp-content\/uploads\/2019\/07\/creative-agency-03-services.jpg","thumbnail-image-url":"https:\/\/websitedemos.net\/wp-content\/uploads\/2019\/07\/creative-agency-03-services.jpg","astra-page-api-url":"https:\/\/websitedemos.net\/creative-agency-03\/wp-json\/wp\/v2\/pages\/28","dynamic-page":"no","astra-page-url":"\/\/websitedemos.net\/creative-agency-03\/services\/","astra-sites-tag":{"425":"services"},"site-pages-type":"agency-mini","site-pages-page-builder":"beaver-builder","site-pages-category":[],"site-pages-parent-category":{"60":"business"},"required-plugins":[{"slug":"beaver-builder-lite-version","init":"beaver-builder-lite-version\/fl-builder.php","name":"Beaver Builder Plugin (Lite Version)"},{"slug":"bb-ultimate-addon","init":"bb-ultimate-addon\/bb-ultimate-addon.php","name":"Ultimate Addons for Beaver Builder"}]},"id-23663":{"title":"Case Studies","featured-image-url":"https:\/\/websitedemos.net\/wp-content\/uploads\/2019\/07\/creative-agency-03-case-studies.jpg","thumbnail-image-url":"https:\/\/websitedemos.net\/wp-content\/uploads\/2019\/07\/creative-agency-03-case-studies.jpg","astra-page-api-url":"https:\/\/websitedemos.net\/creative-agency-03\/wp-json\/wp\/v2\/pages\/31","dynamic-page":"no","astra-page-url":"\/\/websitedemos.net\/creative-agency-03\/case-studies\/","astra-sites-tag":{"780":"case-studies"},"site-pages-type":"agency-mini","site-pages-page-builder":"beaver-builder","site-pages-category":[],"site-pages-parent-category":{"60":"business"},"required-plugins":[{"slug":"beaver-builder-lite-version","init":"beaver-builder-lite-version\/fl-builder.php","name":"Beaver Builder Plugin (Lite Version)"},{"slug":"bb-ultimate-addon","init":"bb-ultimate-addon\/bb-ultimate-addon.php","name":"Ultimate Addons for Beaver Builder"}]},"id-23669":{"title":"Testimonials","featured-image-url":"https:\/\/websitedemos.net\/wp-content\/uploads\/2019\/07\/agency-03-testimonials.jpg","thumbnail-image-url":"https:\/\/websitedemos.net\/wp-content\/uploads\/2019\/07\/agency-03-testimonials.jpg","astra-page-api-url":"https:\/\/websitedemos.net\/creative-agency-03\/wp-json\/wp\/v2\/pages\/30","dynamic-page":"no","astra-page-url":"\/\/websitedemos.net\/creative-agency-03\/testimonials\/","astra-sites-tag":{"433":"testimonials"},"site-pages-type":"agency-mini","site-pages-page-builder":"beaver-builder","site-pages-category":[],"site-pages-parent-category":{"60":"business"},"required-plugins":[{"slug":"beaver-builder-lite-version","init":"beaver-builder-lite-version\/fl-builder.php","name":"Beaver Builder Plugin (Lite Version)"},{"slug":"bb-ultimate-addon","init":"bb-ultimate-addon\/bb-ultimate-addon.php","name":"Ultimate Addons for Beaver Builder"}]},"id-23666":{"title":"Prices","featured-image-url":"https:\/\/websitedemos.net\/wp-content\/uploads\/2019\/07\/creative-agency-03-prices.jpg","thumbnail-image-url":"https:\/\/websitedemos.net\/wp-content\/uploads\/2019\/07\/creative-agency-03-prices.jpg","astra-page-api-url":"https:\/\/websitedemos.net\/creative-agency-03\/wp-json\/wp\/v2\/pages\/29","dynamic-page":"no","astra-page-url":"\/\/websitedemos.net\/creative-agency-03\/prices\/","astra-sites-tag":{"815":"price","585":"pricing"},"site-pages-type":"agency-mini","site-pages-page-builder":"beaver-builder","site-pages-category":[],"site-pages-parent-category":{"60":"business"},"required-plugins":[{"slug":"beaver-builder-lite-version","init":"beaver-builder-lite-version\/fl-builder.php","name":"Beaver Builder Plugin (Lite Version)"},{"slug":"bb-ultimate-addon","init":"bb-ultimate-addon\/bb-ultimate-addon.php","name":"Ultimate Addons for Beaver Builder"}]},"id-23664":{"title":"Contact","featured-image-url":"https:\/\/websitedemos.net\/wp-content\/uploads\/2019\/07\/creative-agency-03-contact.jpg","thumbnail-image-url":"https:\/\/websitedemos.net\/wp-content\/uploads\/2019\/07\/creative-agency-03-contact.jpg","astra-page-api-url":"https:\/\/websitedemos.net\/creative-agency-03\/wp-json\/wp\/v2\/pages\/32","dynamic-page":"no","astra-page-url":"\/\/websitedemos.net\/creative-agency-03\/contact\/","astra-sites-tag":{"415":"contact"},"site-pages-type":"agency-mini","site-pages-page-builder":"beaver-builder","site-pages-category":[],"site-pages-parent-category":{"60":"business"},"required-plugins":[{"slug":"beaver-builder-lite-version","init":"beaver-builder-lite-version\/fl-builder.php","name":"Beaver Builder Plugin (Lite Version)"},{"slug":"bb-ultimate-addon","init":"bb-ultimate-addon\/bb-ultimate-addon.php","name":"Ultimate Addons for Beaver Builder"},{"slug":"wpforms-lite","init":"wpforms-lite\/wpforms.php","name":"WPForms Lite"}]}},"related-bb-template":"","related-elementor-template":"","related-gutenberg-template":"","related_ecommerce_template":"","ecommerce_parent_template":""},"id-18375":{"title":"Conference Event","id":18375,"publish-date":1521183449,"featured-image-url":"https:\/\/websitedemos.net\/wp-content\/uploads\/2019\/07\/conference-event-03-homepage.jpg","thumbnail-image-url":"https:\/\/websitedemos.net\/wp-content\/uploads\/2019\/07\/conference-event-03-homepage.jpg","fullpage-thumbnail-image-url":"https:\/\/websitedemos.net\/wp-content\/uploads\/2019\/07\/conference-event-03-homepage.jpg","astra-site-url":"\/\/websitedemos.net\/conference-event-03","astra-site-parent-id":175,"astra-sites-tag":{"744":"conference","742":"event-website","743":"meeting","399":"one-page","745":"organization","463":"single-page"},"astra-sites-type":"agency-mini","astra-site-category":{"27":"business"},"astra-sites-template-category":[],"astra-site-page-builder":"beaver-builder","categories":{"2489":"event-invitation"},"required-plugins":[{"slug":"beaver-builder-lite-version","init":"beaver-builder-lite-version\/fl-builder.php","name":"Beaver Builder Plugin (Lite Version)"},{"slug":"bb-ultimate-addon","init":"bb-ultimate-addon\/bb-ultimate-addon.php","name":"Ultimate Addons for Beaver Builder"}],"post-status":"publish","post-content":"","post-excerpt":"","pages":{"id-23637":{"title":"One Page Website","featured-image-url":"https:\/\/websitedemos.net\/wp-content\/uploads\/2019\/07\/conference-event-03-homepage.jpg","thumbnail-image-url":"https:\/\/websitedemos.net\/wp-content\/uploads\/2019\/07\/conference-event-03-homepage.jpg","astra-page-api-url":"https:\/\/websitedemos.net\/conference-event-03\/wp-json\/wp\/v2\/pages\/72","dynamic-page":"no","astra-page-url":"\/\/websitedemos.net\/conference-event-03\/","astra-sites-tag":{"423":"home"},"site-pages-type":"agency-mini","site-pages-page-builder":"beaver-builder","site-pages-category":[],"site-pages-parent-category":{"60":"business"},"required-plugins":[{"slug":"beaver-builder-lite-version","init":"beaver-builder-lite-version\/fl-builder.php","name":"Beaver Builder Plugin (Lite Version)"},{"slug":"bb-ultimate-addon","init":"bb-ultimate-addon\/bb-ultimate-addon.php","name":"Ultimate Addons for Beaver Builder"}]}},"related-bb-template":"","related-elementor-template":"","related-gutenberg-template":"","related_ecommerce_template":"","ecommerce_parent_template":""},"id-18342":{"title":"Charity","id":18342,"publish-date":1520489561,"featured-image-url":"https:\/\/websitedemos.net\/wp-content\/uploads\/2019\/07\/charity-02.jpg","thumbnail-image-url":"https:\/\/websitedemos.net\/wp-content\/uploads\/2019\/07\/charity-02.jpg","fullpage-thumbnail-image-url":"https:\/\/websitedemos.net\/wp-content\/uploads\/2019\/07\/charity-02.jpg","astra-site-url":"\/\/websitedemos.net\/charity-02","astra-site-parent-id":166,"astra-sites-tag":{"625":"charity","624":"foundation","626":"giving","977":"non-profit","745":"organization"},"astra-sites-type":"free","astra-site-category":{"39":"free","36":"other"},"astra-sites-template-category":{"2786":"charity-nonprofit","2872":"donation-fundraiser","2871":"ngo"},"astra-site-page-builder":"elementor","categories":{"2492":"non-profit"},"required-plugins":[{"slug":"elementor","init":"elementor\/elementor.php","name":"Elementor"},{"slug":"header-footer-elementor","init":"header-footer-elementor\/header-footer-elementor.php","name":"Elementor Header & Footer Builder"},{"slug":"give","init":"give\/give.php","name":"Give - Donation Plugin"},{"slug":"wpforms-lite","init":"wpforms-lite\/wpforms.php","name":"WPForms Lite"}],"post-status":"publish","post-content":"<!-- wp:paragraph -->\n<p>The Charity template has a warm, welcoming appeal that oozes positivity. It\u2019s ideal for nonprofits or charities as it creates the urge to share in your good work and encourages visitors to engage.<\/p>\n<!-- \/wp:paragraph -->\n\n<!-- wp:paragraph -->\n<p>The bold colors, emotive imagery and mix of handwritten and standard fonts keeps things approachable while the mixture of dark, light and colorful sections keeps the reader engaged without overloading them. All while encouraging giving.<\/p>\n<!-- \/wp:paragraph -->\n\n<!-- wp:heading {\"level\":3,\"UAGDay\":[]} -->\n<h3 class=\"wp-block-heading\">Key features of the Charity template<\/h3>\n<!-- \/wp:heading -->\n\n<!-- wp:list -->\n<ul><!-- wp:list-item -->\n<li>Welcome feel with instant connection<\/li>\n<!-- \/wp:list-item -->\n\n<!-- wp:list-item -->\n<li>Mix of dark, light and color works well<\/li>\n<!-- \/wp:list-item -->\n\n<!-- wp:list-item -->\n<li>Lots of space for imagery and storytelling<\/li>\n<!-- \/wp:list-item -->\n\n<!-- wp:list-item -->\n<li>Calls to action and donation throughout<\/li>\n<!-- \/wp:list-item -->\n\n<!-- wp:list-item -->\n<li>Full compatibility with leading page builders<\/li>\n<!-- \/wp:list-item --><\/ul>\n<!-- \/wp:list -->","post-excerpt":"Appealing design with vibrant colors and positivity ideal for charities and nonprofits","pages":{"id-57943":{"title":"Donor Dashboard","featured-image-url":"","thumbnail-image-url":"","astra-page-api-url":"https:\/\/websitedemos.net\/charity-02\/wp-json\/wp\/v2\/pages\/2180","dynamic-page":"no","astra-page-url":"\/\/websitedemos.net\/charity-02\/donor-dashboard\/","astra-sites-tag":[],"site-pages-type":"free","site-pages-page-builder":"gutenberg","site-pages-category":[],"site-pages-parent-category":{"61":"free","139":"other"},"required-plugins":""},"id-57944":{"title":"Donor Dashboard","featured-image-url":"","thumbnail-image-url":"","astra-page-api-url":"https:\/\/websitedemos.net\/charity-02\/wp-json\/wp\/v2\/pages\/2197","dynamic-page":"no","astra-page-url":"\/\/websitedemos.net\/charity-02\/donor-dashboard-2\/","astra-sites-tag":[],"site-pages-type":"free","site-pages-page-builder":"gutenberg","site-pages-category":[],"site-pages-parent-category":{"61":"free","139":"other"},"required-plugins":""},"id-57945":{"title":"Donor Dashboard","featured-image-url":"","thumbnail-image-url":"","astra-page-api-url":"https:\/\/websitedemos.net\/charity-02\/wp-json\/wp\/v2\/pages\/2208","dynamic-page":"no","astra-page-url":"\/\/websitedemos.net\/charity-02\/donor-dashboard-3\/","astra-sites-tag":[],"site-pages-type":"free","site-pages-page-builder":"gutenberg","site-pages-category":[],"site-pages-parent-category":{"61":"free","139":"other"},"required-plugins":""},"id-57946":{"title":"Donor Dashboard","featured-image-url":"","thumbnail-image-url":"","astra-page-api-url":"https:\/\/websitedemos.net\/charity-02\/wp-json\/wp\/v2\/pages\/2222","dynamic-page":"no","astra-page-url":"\/\/websitedemos.net\/charity-02\/donor-dashboard-4\/","astra-sites-tag":[],"site-pages-type":"free","site-pages-page-builder":"gutenberg","site-pages-category":[],"site-pages-parent-category":{"61":"free","139":"other"},"required-plugins":""},"id-23580":{"title":"Home","featured-image-url":"https:\/\/websitedemos.net\/wp-content\/uploads\/2019\/07\/charity-02.jpg","thumbnail-image-url":"https:\/\/websitedemos.net\/wp-content\/uploads\/2019\/07\/charity-02.jpg","astra-page-api-url":"https:\/\/websitedemos.net\/charity-02\/wp-json\/wp\/v2\/pages\/4","dynamic-page":"no","astra-page-url":"\/\/websitedemos.net\/charity-02\/","astra-sites-tag":{"423":"home"},"site-pages-type":"free","site-pages-page-builder":"elementor","site-pages-category":[],"site-pages-parent-category":{"61":"free","139":"other"},"required-plugins":[{"slug":"elementor","init":"elementor\/elementor.php","name":"Elementor"}]},"id-23583":{"title":"Who We Are","featured-image-url":"https:\/\/websitedemos.net\/wp-content\/uploads\/2019\/07\/charity-02-who-we-are-1.jpg","thumbnail-image-url":"https:\/\/websitedemos.net\/wp-content\/uploads\/2019\/07\/charity-02-who-we-are-1.jpg","astra-page-api-url":"https:\/\/websitedemos.net\/charity-02\/wp-json\/wp\/v2\/pages\/5","dynamic-page":"no","astra-page-url":"\/\/websitedemos.net\/charity-02\/who-we-are\/","astra-sites-tag":{"352":"about","685":"who-we-are"},"site-pages-type":"free","site-pages-page-builder":"elementor","site-pages-category":[],"site-pages-parent-category":{"61":"free","139":"other"},"required-plugins":[{"slug":"elementor","init":"elementor\/elementor.php","name":"Elementor"}]},"id-23582":{"title":"What We Do","featured-image-url":"https:\/\/websitedemos.net\/wp-content\/uploads\/2019\/07\/charity-02-what-we-do.jpg","thumbnail-image-url":"https:\/\/websitedemos.net\/wp-content\/uploads\/2019\/07\/charity-02-what-we-do.jpg","astra-page-api-url":"https:\/\/websitedemos.net\/charity-02\/wp-json\/wp\/v2\/pages\/6","dynamic-page":"no","astra-page-url":"\/\/websitedemos.net\/charity-02\/what-we-do\/","astra-sites-tag":{"628":"what-we-do","451":"work"},"site-pages-type":"free","site-pages-page-builder":"elementor","site-pages-category":[],"site-pages-parent-category":{"61":"free","139":"other"},"required-plugins":[{"slug":"elementor","init":"elementor\/elementor.php","name":"Elementor"}]},"id-23581":{"title":"Our Partners","featured-image-url":"https:\/\/websitedemos.net\/wp-content\/uploads\/2019\/07\/charity-02-our-partners.jpg","thumbnail-image-url":"https:\/\/websitedemos.net\/wp-content\/uploads\/2019\/07\/charity-02-our-partners.jpg","astra-page-api-url":"https:\/\/websitedemos.net\/charity-02\/wp-json\/wp\/v2\/pages\/7","dynamic-page":"no","astra-page-url":"\/\/websitedemos.net\/charity-02\/our-partners\/","astra-sites-tag":{"734":"partners","486":"team"},"site-pages-type":"free","site-pages-page-builder":"elementor","site-pages-category":[],"site-pages-parent-category":{"61":"free","139":"other"},"required-plugins":[{"slug":"elementor","init":"elementor\/elementor.php","name":"Elementor"}]},"id-23578":{"title":"Contact Us","featured-image-url":"https:\/\/websitedemos.net\/wp-content\/uploads\/2019\/07\/charity-02-contact-us.jpg","thumbnail-image-url":"https:\/\/websitedemos.net\/wp-content\/uploads\/2019\/07\/charity-02-contact-us.jpg","astra-page-api-url":"https:\/\/websitedemos.net\/charity-02\/wp-json\/wp\/v2\/pages\/8","dynamic-page":"no","astra-page-url":"\/\/websitedemos.net\/charity-02\/contact-us\/","astra-sites-tag":{"415":"contact"},"site-pages-type":"free","site-pages-page-builder":"elementor","site-pages-category":[],"site-pages-parent-category":{"61":"free","139":"other"},"required-plugins":[{"slug":"elementor","init":"elementor\/elementor.php","name":"Elementor"},{"slug":"wpforms-lite","init":"wpforms-lite\/wpforms.php","name":"WPForms Lite"}]},"id-23579":{"title":"Donate","featured-image-url":"https:\/\/websitedemos.net\/wp-content\/uploads\/2019\/07\/charity-02-donate.jpg","thumbnail-image-url":"https:\/\/websitedemos.net\/wp-content\/uploads\/2019\/07\/id-23579-charity-donate-resize.jpg","astra-page-api-url":"https:\/\/websitedemos.net\/charity-02\/wp-json\/wp\/v2\/pages\/103","dynamic-page":"yes","astra-page-url":"\/\/websitedemos.net\/charity-02\/donate\/","astra-sites-tag":{"735":"donate"},"site-pages-type":"free","site-pages-page-builder":"elementor","site-pages-category":[],"site-pages-parent-category":{"61":"free","139":"other"},"required-plugins":[{"slug":"elementor","init":"elementor\/elementor.php","name":"Elementor"},{"slug":"give","init":"give\/give.php","name":"Give - Donation Plugin"}]}},"related-bb-template":18373,"related-elementor-template":55334,"related-gutenberg-template":"","related_ecommerce_template":"","ecommerce_parent_template":""},"id-18310":{"title":"Five Days Website","id":18310,"publish-date":1520407757,"featured-image-url":"https:\/\/websitedemos.net\/wp-content\/uploads\/2018\/03\/creative-agency-04-1.jpg","thumbnail-image-url":"https:\/\/websitedemos.net\/wp-content\/uploads\/2018\/03\/creative-agency-04-1.jpg","fullpage-thumbnail-image-url":"https:\/\/websitedemos.net\/wp-content\/uploads\/2018\/03\/creative-agency-04-1.jpg","astra-site-url":"\/\/websitedemos.net\/creative-agency-04","astra-site-parent-id":181,"astra-sites-tag":{"663":"agency","664":"digital-services","665":"service-agency","661":"website"},"astra-sites-type":"agency-mini","astra-site-category":{"27":"business"},"astra-sites-template-category":{"2812":"digital-agency","2831":"service"},"astra-site-page-builder":"elementor","categories":{"2487":"agency"},"required-plugins":[{"slug":"elementor","init":"elementor\/elementor.php","name":"Elementor"},{"slug":"wpforms-lite","init":"wpforms-lite\/wpforms.php","name":"WPForms Lite"}],"post-status":"publish","post-content":"<!-- wp:paragraph -->\n<p>The Five Days Website template makes its case right away with a bold, informative banner. That is complemented by a corresponding image and use of modern colors to make everything stand out.<\/p>\n<!-- \/wp:paragraph -->\n\n<!-- wp:paragraph -->\n<p>The rest of the template continues that theme with the contrast colors standing out against the whitespace while giving you room to tell your story, share your products and services and communicate with your audience.<\/p>\n<!-- \/wp:paragraph -->\n\n<!-- wp:heading {\"level\":3} -->\n<h3>Key features of the Five Days Website template<\/h3>\n<!-- \/wp:heading -->\n\n<!-- wp:list -->\n<ul><li>Communicate your purpose from the very beginning<\/li><li>Simple, elegant layout with bold colors<\/li><li>Whitespace counters the boldness to achieve balance<\/li><li>Flexible layouts and content areas<\/li><li>Full compatibility with leading page builders<\/li><\/ul>\n<!-- \/wp:list -->","post-excerpt":"Energetic web template for digital agencies with bright colors and instant appeal","pages":{"id-23703":{"title":"Home","featured-image-url":"https:\/\/websitedemos.net\/wp-content\/uploads\/2018\/03\/creative-agency-04-1.jpg","thumbnail-image-url":"https:\/\/websitedemos.net\/wp-content\/uploads\/2018\/03\/creative-agency-04-1.jpg","astra-page-api-url":"https:\/\/websitedemos.net\/creative-agency-04\/wp-json\/wp\/v2\/pages\/7","dynamic-page":"no","astra-page-url":"\/\/websitedemos.net\/creative-agency-04\/","astra-sites-tag":{"423":"home"},"site-pages-type":"agency-mini","site-pages-page-builder":"elementor","site-pages-category":[],"site-pages-parent-category":{"60":"business"},"required-plugins":[{"slug":"elementor","init":"elementor\/elementor.php","name":"Elementor"}]},"id-23705":{"title":"Services","featured-image-url":"https:\/\/websitedemos.net\/wp-content\/uploads\/2019\/07\/id-23705-five-days-website-services-resize.jpg","thumbnail-image-url":"https:\/\/websitedemos.net\/wp-content\/uploads\/2019\/07\/id-23705-five-days-website-services-resize.jpg","astra-page-api-url":"https:\/\/websitedemos.net\/creative-agency-04\/wp-json\/wp\/v2\/pages\/28","dynamic-page":"no","astra-page-url":"\/\/websitedemos.net\/creative-agency-04\/services\/","astra-sites-tag":{"425":"services"},"site-pages-type":"agency-mini","site-pages-page-builder":"elementor","site-pages-category":[],"site-pages-parent-category":{"60":"business"},"required-plugins":[{"slug":"elementor","init":"elementor\/elementor.php","name":"Elementor"}]},"id-23701":{"title":"Case Studies","featured-image-url":"https:\/\/websitedemos.net\/wp-content\/uploads\/2019\/07\/creative-agency-04-case-studies.jpg","thumbnail-image-url":"https:\/\/websitedemos.net\/wp-content\/uploads\/2019\/07\/creative-agency-04-case-studies.jpg","astra-page-api-url":"https:\/\/websitedemos.net\/creative-agency-04\/wp-json\/wp\/v2\/pages\/31","dynamic-page":"no","astra-page-url":"\/\/websitedemos.net\/creative-agency-04\/case-studies\/","astra-sites-tag":{"736":"studies"},"site-pages-type":"agency-mini","site-pages-page-builder":"elementor","site-pages-category":[],"site-pages-parent-category":{"60":"business"},"required-plugins":[{"slug":"elementor","init":"elementor\/elementor.php","name":"Elementor"}]},"id-23707":{"title":"Testimonials","featured-image-url":"https:\/\/websitedemos.net\/wp-content\/uploads\/2019\/07\/creative-agency-04-testimonials.jpg","thumbnail-image-url":"https:\/\/websitedemos.net\/wp-content\/uploads\/2019\/07\/creative-agency-04-testimonials.jpg","astra-page-api-url":"https:\/\/websitedemos.net\/creative-agency-04\/wp-json\/wp\/v2\/pages\/30","dynamic-page":"no","astra-page-url":"\/\/websitedemos.net\/creative-agency-04\/testimonials\/","astra-sites-tag":{"433":"testimonials"},"site-pages-type":"agency-mini","site-pages-page-builder":"elementor","site-pages-category":[],"site-pages-parent-category":{"60":"business"},"required-plugins":[{"slug":"elementor","init":"elementor\/elementor.php","name":"Elementor"}]},"id-23704":{"title":"Prices","featured-image-url":"https:\/\/websitedemos.net\/wp-content\/uploads\/2019\/07\/creative-agency-04-prices.jpg","thumbnail-image-url":"https:\/\/websitedemos.net\/wp-content\/uploads\/2019\/07\/creative-agency-04-prices.jpg","astra-page-api-url":"https:\/\/websitedemos.net\/creative-agency-04\/wp-json\/wp\/v2\/pages\/29","dynamic-page":"no","astra-page-url":"\/\/websitedemos.net\/creative-agency-04\/prices\/","astra-sites-tag":{"585":"pricing"},"site-pages-type":"agency-mini","site-pages-page-builder":"elementor","site-pages-category":[],"site-pages-parent-category":{"60":"business"},"required-plugins":[{"slug":"elementor","init":"elementor\/elementor.php","name":"Elementor"}]},"id-23702":{"title":"Contact","featured-image-url":"https:\/\/websitedemos.net\/wp-content\/uploads\/2019\/07\/creative-agency-04-contact.jpg","thumbnail-image-url":"https:\/\/websitedemos.net\/wp-content\/uploads\/2019\/07\/creative-agency-04-contact.jpg","astra-page-api-url":"https:\/\/websitedemos.net\/creative-agency-04\/wp-json\/wp\/v2\/pages\/32","dynamic-page":"no","astra-page-url":"\/\/websitedemos.net\/creative-agency-04\/contact\/","astra-sites-tag":{"415":"contact"},"site-pages-type":"agency-mini","site-pages-page-builder":"elementor","site-pages-category":[],"site-pages-parent-category":{"60":"business"},"required-plugins":[{"slug":"elementor","init":"elementor\/elementor.php","name":"Elementor"},{"slug":"wpforms-lite","init":"wpforms-lite\/wpforms.php","name":"WPForms Lite"}]}},"related-bb-template":18361,"related-elementor-template":18310,"related-gutenberg-template":"","related_ecommerce_template":"","ecommerce_parent_template":""},"id-18306":{"title":"theAgency","id":18306,"publish-date":1520407419,"featured-image-url":"https:\/\/websitedemos.net\/wp-content\/uploads\/2019\/07\/wordpress-agency-04-2.jpg","thumbnail-image-url":"https:\/\/websitedemos.net\/wp-content\/uploads\/2019\/07\/wordpress-agency-04-2.jpg","fullpage-thumbnail-image-url":"https:\/\/websitedemos.net\/wp-content\/uploads\/2019\/07\/wordpress-agency-04-2.jpg","astra-site-url":"\/\/websitedemos.net\/wordpress-agency-04","astra-site-parent-id":141,"astra-sites-tag":{"663":"agency","979":"company","664":"digital-services","812":"office","665":"service-agency","661":"website"},"astra-sites-type":"agency-mini","astra-site-category":{"27":"business"},"astra-sites-template-category":{"2777":"business","2812":"digital-agency","2768":"portfolio","2831":"service"},"astra-site-page-builder":"elementor","categories":{"2487":"agency"},"required-plugins":[{"slug":"elementor","init":"elementor\/elementor.php","name":"Elementor"},{"slug":"wpforms-lite","init":"wpforms-lite\/wpforms.php","name":"WPForms Lite"}],"post-status":"publish","post-content":"<!-- wp:paragraph -->\n<p>theAgency template is a modern dark theme that reflects the cutting-edge nature of many digital agencies. It uses a simple shaded image to great effect along with sans serif fonts and a green colorway to add interest.<\/p>\n<!-- \/wp:paragraph -->\n\n<!-- wp:paragraph -->\n<p>The rest of the website template uses darkspace and content areas well and provides lots of opportunities to tell your story, share products and services and use imagery to promote your brand. It\u2019s a very composed template!<\/p>\n<!-- \/wp:paragraph -->\n\n<!-- wp:heading -->\n<h2>Key features of the theAgency template<\/h2>\n<!-- \/wp:heading -->\n\n<!-- wp:list -->\n<ul><!-- wp:list-item -->\n<li>Contemporary dark theme with modern appeal<\/li>\n<!-- \/wp:list-item -->\n\n<!-- wp:list-item -->\n<li>Good use of sans serif fonts and color to create atmosphere<\/li>\n<!-- \/wp:list-item -->\n\n<!-- wp:list-item -->\n<li>Flexible layout with lots of content space<\/li>\n<!-- \/wp:list-item -->\n\n<!-- wp:list-item -->\n<li>Imagery can really stand out<\/li>\n<!-- \/wp:list-item -->\n\n<!-- wp:list-item -->\n<li>Full compatibility with leading page builders<\/li>\n<!-- \/wp:list-item --><\/ul>\n<!-- \/wp:list -->","post-excerpt":"Dark, atmospheric design that\u2019s perfect for digital agencies who want to tell their story","pages":{"id-23344":{"title":"Home","featured-image-url":"https:\/\/websitedemos.net\/wp-content\/uploads\/2019\/07\/wordpress-agency-04-2.jpg","thumbnail-image-url":"https:\/\/websitedemos.net\/wp-content\/uploads\/2019\/07\/wordpress-agency-04-2.jpg","astra-page-api-url":"https:\/\/websitedemos.net\/wordpress-agency-04\/wp-json\/wp\/v2\/pages\/6","dynamic-page":"no","astra-page-url":"\/\/websitedemos.net\/wordpress-agency-04\/","astra-sites-tag":{"423":"home"},"site-pages-type":"agency-mini","site-pages-page-builder":"elementor","site-pages-category":[],"site-pages-parent-category":{"60":"business"},"required-plugins":[{"slug":"elementor","init":"elementor\/elementor.php","name":"Elementor"}]},"id-23341":{"title":"About","featured-image-url":"https:\/\/websitedemos.net\/wp-content\/uploads\/2019\/07\/wordpress-agency-04-about-1.jpg","thumbnail-image-url":"https:\/\/websitedemos.net\/wp-content\/uploads\/2019\/07\/wordpress-agency-04-about-1.jpg","astra-page-api-url":"https:\/\/websitedemos.net\/wordpress-agency-04\/wp-json\/wp\/v2\/pages\/25","dynamic-page":"no","astra-page-url":"\/\/websitedemos.net\/wordpress-agency-04\/about\/","astra-sites-tag":{"352":"about"},"site-pages-type":"agency-mini","site-pages-page-builder":"elementor","site-pages-category":[],"site-pages-parent-category":{"60":"business"},"required-plugins":[{"slug":"elementor","init":"elementor\/elementor.php","name":"Elementor"}]},"id-23346":{"title":"Services","featured-image-url":"https:\/\/websitedemos.net\/wp-content\/uploads\/2019\/07\/wordpress-agency-04-services-1.jpg","thumbnail-image-url":"https:\/\/websitedemos.net\/wp-content\/uploads\/2019\/07\/wordpress-agency-04-services-1.jpg","astra-page-api-url":"https:\/\/websitedemos.net\/wordpress-agency-04\/wp-json\/wp\/v2\/pages\/26","dynamic-page":"no","astra-page-url":"\/\/websitedemos.net\/wordpress-agency-04\/services\/","astra-sites-tag":{"425":"services"},"site-pages-type":"agency-mini","site-pages-page-builder":"elementor","site-pages-category":[],"site-pages-parent-category":{"60":"business"},"required-plugins":[{"slug":"elementor","init":"elementor\/elementor.php","name":"Elementor"}]},"id-23345":{"title":"Projects","featured-image-url":"https:\/\/websitedemos.net\/wp-content\/uploads\/2019\/07\/wordpress-agency-04-projects-1.jpg","thumbnail-image-url":"https:\/\/websitedemos.net\/wp-content\/uploads\/2019\/07\/wordpress-agency-04-projects-1.jpg","astra-page-api-url":"https:\/\/websitedemos.net\/wordpress-agency-04\/wp-json\/wp\/v2\/pages\/27","dynamic-page":"no","astra-page-url":"\/\/websitedemos.net\/wordpress-agency-04\/projects\/","astra-sites-tag":{"424":"project"},"site-pages-type":"agency-mini","site-pages-page-builder":"elementor","site-pages-category":[],"site-pages-parent-category":{"60":"business"},"required-plugins":[{"slug":"elementor","init":"elementor\/elementor.php","name":"Elementor"}]},"id-23347":{"title":"Testimonials","featured-image-url":"https:\/\/websitedemos.net\/wp-content\/uploads\/2019\/07\/wordpress-agency-04-testimonials-3.jpg","thumbnail-image-url":"https:\/\/websitedemos.net\/wp-content\/uploads\/2019\/07\/wordpress-agency-04-testimonials-3.jpg","astra-page-api-url":"https:\/\/websitedemos.net\/wordpress-agency-04\/wp-json\/wp\/v2\/pages\/28","dynamic-page":"no","astra-page-url":"\/\/websitedemos.net\/wordpress-agency-04\/testimonials\/","astra-sites-tag":{"433":"testimonials"},"site-pages-type":"agency-mini","site-pages-page-builder":"elementor","site-pages-category":[],"site-pages-parent-category":{"60":"business"},"required-plugins":[{"slug":"elementor","init":"elementor\/elementor.php","name":"Elementor"}]},"id-23343":{"title":"Contact","featured-image-url":"https:\/\/websitedemos.net\/wp-content\/uploads\/2019\/07\/wordpress-agency-04-contact-1.jpg","thumbnail-image-url":"https:\/\/websitedemos.net\/wp-content\/uploads\/2019\/07\/wordpress-agency-04-contact-1.jpg","astra-page-api-url":"https:\/\/websitedemos.net\/wordpress-agency-04\/wp-json\/wp\/v2\/pages\/29","dynamic-page":"no","astra-page-url":"\/\/websitedemos.net\/wordpress-agency-04\/contact\/","astra-sites-tag":{"415":"contact"},"site-pages-type":"agency-mini","site-pages-page-builder":"elementor","site-pages-category":[],"site-pages-parent-category":{"60":"business"},"required-plugins":[{"slug":"elementor","init":"elementor\/elementor.php","name":"Elementor"},{"slug":"wpforms-lite","init":"wpforms-lite\/wpforms.php","name":"WPForms Lite"}]}},"related-bb-template":18363,"related-elementor-template":18306,"related-gutenberg-template":"","related_ecommerce_template":"","ecommerce_parent_template":""},"id-18325":{"title":"Conference Event","id":18325,"publish-date":1520407164,"featured-image-url":"https:\/\/websitedemos.net\/wp-content\/uploads\/2018\/03\/conference-event-02-1.jpg","thumbnail-image-url":"https:\/\/websitedemos.net\/wp-content\/uploads\/2018\/03\/conference-event-02-1.jpg","fullpage-thumbnail-image-url":"https:\/\/websitedemos.net\/wp-content\/uploads\/2018\/03\/conference-event-02-1.jpg","astra-site-url":"\/\/websitedemos.net\/conference-event-02","astra-site-parent-id":168,"astra-sites-tag":{"744":"conference","742":"event-website","743":"meeting","399":"one-page","745":"organization","463":"single-page"},"astra-sites-type":"free","astra-site-category":{"27":"business","39":"free"},"astra-sites-template-category":{"2811":"conference","2784":"event","2771":"one-page"},"astra-site-page-builder":"elementor","categories":{"2489":"event-invitation","2927":"one-page"},"required-plugins":[{"slug":"elementor","init":"elementor\/elementor.php","name":"Elementor"}],"post-status":"publish","post-content":"<!-- wp:paragraph -->\n<p>The Conference Event web template uses a minimal scheme with well-chosen fonts to create a professional persona. It utilizes a large image on the homepage to communicate instantly what it\u2019s about to leave little doubt for visitors<\/p>\n<!-- \/wp:paragraph -->\n\n<!-- wp:paragraph -->\n<p>The rest of the template is minimal with flexible content areas, an event schedule section, speaker biography area and supplementary information delegates would need to know along with a booking form and ticketing options.<\/p>\n<!-- \/wp:paragraph -->\n\n<!-- wp:heading -->\n<h2>Key features of the Conference Event template<\/h2>\n<!-- \/wp:heading -->\n\n<!-- wp:list -->\n<ul><li>Creates a professional persona right away<\/li><li>Uses images and fonts to communicate intent immediately<\/li><li>Areas for schedules, speakers and supporting content<\/li><li>Contact and booking form within the design<\/li><li>Full compatibility with leading page builders<\/li><\/ul>\n<!-- \/wp:list -->","post-excerpt":"Accessible, modern template ideal for conferences or event company websites","pages":{"id-23603":{"title":"One Page Website","featured-image-url":"https:\/\/websitedemos.net\/wp-content\/uploads\/2018\/03\/conference-event-02-1.jpg","thumbnail-image-url":"https:\/\/websitedemos.net\/wp-content\/uploads\/2018\/03\/conference-event-02-1.jpg","astra-page-api-url":"https:\/\/websitedemos.net\/conference-event-02\/wp-json\/wp\/v2\/pages\/4","dynamic-page":"no","astra-page-url":"\/\/websitedemos.net\/conference-event-02\/","astra-sites-tag":{"423":"home"},"site-pages-type":"free","site-pages-page-builder":"elementor","site-pages-category":[],"site-pages-parent-category":{"60":"business","61":"free"},"required-plugins":[{"slug":"elementor","init":"elementor\/elementor.php","name":"Elementor"}]}},"related-bb-template":18375,"related-elementor-template":18325,"related-gutenberg-template":"","related_ecommerce_template":"","ecommerce_parent_template":""},"id-18284":{"title":"eCourse","id":18284,"publish-date":1519723055,"featured-image-url":"https:\/\/websitedemos.net\/wp-content\/uploads\/2020\/01\/teach-04.jpg","thumbnail-image-url":"https:\/\/websitedemos.net\/wp-content\/uploads\/2020\/01\/teach-04.jpg","fullpage-thumbnail-image-url":"https:\/\/websitedemos.net\/wp-content\/uploads\/2020\/01\/teach-04.jpg","astra-site-url":"\/\/websitedemos.net\/teach-04","astra-site-parent-id":218,"astra-sites-tag":{"468":"elearning","719":"online-coaching","975":"online-learning","721":"training","720":"tutorials"},"astra-sites-type":"agency-mini","astra-site-category":{"27":"business"},"astra-sites-template-category":{"2825":"coaching","2835":"elearning","2880":"membership","2827":"online-course"},"astra-site-page-builder":"elementor","categories":{"2494":"elearning"},"required-plugins":[{"slug":"elementor","init":"elementor\/elementor.php","name":"Elementor"},{"slug":"ultimate-elementor","init":"ultimate-elementor\/ultimate-elementor.php","name":"Ultimate Addons for Elementor"},{"slug":"wpforms-lite","init":"wpforms-lite\/wpforms.php","name":"WPForms Lite"}],"post-status":"publish","post-content":"<!-- wp:paragraph -->\n<p>The eCourse template uses a pleasant full screen header that\u2019s mainly color and a heading to set the scene. It\u2019s a confidence-inspiring opening that is reflected elsewhere in the template.<\/p>\n<!-- \/wp:paragraph -->\n\n<!-- wp:paragraph -->\n<p>This is an eLearning template and has been configured as such, with course listings, course pages, course samples and a video on the main page. Supporting pages build on the first impression by delivering the information you would expect to see on an eLearning website.<\/p>\n<!-- \/wp:paragraph -->\n\n<!-- wp:heading -->\n<h2>Key features of the eCourse template<\/h2>\n<!-- \/wp:heading -->\n\n<!-- wp:list -->\n<ul><li>Carefully selected colors to inspire confidence<\/li><li>Content-rich homepage ready to instantly engage<\/li><li>Options for video and audio within pages<\/li><li>Well designed supplementary pages<\/li><li>Full compatibility with leading page builders<\/li><\/ul>\n<!-- \/wp:list -->","post-excerpt":"eLearning template that\u2019s ideal for online course websites and LMS","pages":{"id-39985":{"title":"Home","featured-image-url":"https:\/\/websitedemos.net\/wp-content\/uploads\/2020\/01\/teach-04.jpg","thumbnail-image-url":"https:\/\/websitedemos.net\/wp-content\/uploads\/2020\/01\/teach-04.jpg","astra-page-api-url":"https:\/\/websitedemos.net\/teach-04\/wp-json\/wp\/v2\/pages\/9","dynamic-page":"no","astra-page-url":"\/\/websitedemos.net\/teach-04\/","astra-sites-tag":{"423":"home"},"site-pages-type":"agency-mini","site-pages-page-builder":"elementor","site-pages-category":[],"site-pages-parent-category":{"60":"business"},"required-plugins":[{"slug":"elementor","init":"elementor\/elementor.php","name":"Elementor"},{"slug":"ultimate-elementor","init":"ultimate-elementor\/ultimate-elementor.php","name":"Ultimate Addons for Elementor"}]},"id-39983":{"title":"About","featured-image-url":"https:\/\/websitedemos.net\/wp-content\/uploads\/2020\/01\/teach-04-about.jpg","thumbnail-image-url":"https:\/\/websitedemos.net\/wp-content\/uploads\/2020\/01\/teach-04-about.jpg","astra-page-api-url":"https:\/\/websitedemos.net\/teach-04\/wp-json\/wp\/v2\/pages\/50","dynamic-page":"no","astra-page-url":"\/\/websitedemos.net\/teach-04\/about\/","astra-sites-tag":{"352":"about"},"site-pages-type":"agency-mini","site-pages-page-builder":"elementor","site-pages-category":[],"site-pages-parent-category":{"60":"business"},"required-plugins":[{"slug":"elementor","init":"elementor\/elementor.php","name":"Elementor"},{"slug":"ultimate-elementor","init":"ultimate-elementor\/ultimate-elementor.php","name":"Ultimate Addons for Elementor"}]},"id-39986":{"title":"Lessons","featured-image-url":"https:\/\/websitedemos.net\/wp-content\/uploads\/2020\/01\/teach-04-lessons.jpg","thumbnail-image-url":"https:\/\/websitedemos.net\/wp-content\/uploads\/2020\/01\/teach-04-lessons.jpg","astra-page-api-url":"https:\/\/websitedemos.net\/teach-04\/wp-json\/wp\/v2\/pages\/81","dynamic-page":"no","astra-page-url":"\/\/websitedemos.net\/teach-04\/lessons\/","astra-sites-tag":{"747":"lessons"},"site-pages-type":"agency-mini","site-pages-page-builder":"elementor","site-pages-category":[],"site-pages-parent-category":{"60":"business"},"required-plugins":[{"slug":"elementor","init":"elementor\/elementor.php","name":"Elementor"},{"slug":"ultimate-elementor","init":"ultimate-elementor\/ultimate-elementor.php","name":"Ultimate Addons for Elementor"}]},"id-39987":{"title":"Testimonials","featured-image-url":"https:\/\/websitedemos.net\/wp-content\/uploads\/2020\/01\/teach-04-testimonials.jpg","thumbnail-image-url":"https:\/\/websitedemos.net\/wp-content\/uploads\/2020\/01\/teach-04-testimonials.jpg","astra-page-api-url":"https:\/\/websitedemos.net\/teach-04\/wp-json\/wp\/v2\/pages\/53","dynamic-page":"no","astra-page-url":"\/\/websitedemos.net\/teach-04\/testimonials\/","astra-sites-tag":{"433":"testimonials"},"site-pages-type":"agency-mini","site-pages-page-builder":"elementor","site-pages-category":[],"site-pages-parent-category":{"60":"business"},"required-plugins":[{"slug":"elementor","init":"elementor\/elementor.php","name":"Elementor"},{"slug":"ultimate-elementor","init":"ultimate-elementor\/ultimate-elementor.php","name":"Ultimate Addons for Elementor"}]},"id-39984":{"title":"Contact","featured-image-url":"https:\/\/websitedemos.net\/wp-content\/uploads\/2020\/01\/teach-04-contact.jpg","thumbnail-image-url":"https:\/\/websitedemos.net\/wp-content\/uploads\/2020\/01\/teach-04-contact.jpg","astra-page-api-url":"https:\/\/websitedemos.net\/teach-04\/wp-json\/wp\/v2\/pages\/55","dynamic-page":"no","astra-page-url":"\/\/websitedemos.net\/teach-04\/contact\/","astra-sites-tag":{"415":"contact"},"site-pages-type":"agency-mini","site-pages-page-builder":"elementor","site-pages-category":[],"site-pages-parent-category":{"60":"business"},"required-plugins":[{"slug":"elementor","init":"elementor\/elementor.php","name":"Elementor"},{"slug":"ultimate-elementor","init":"ultimate-elementor\/ultimate-elementor.php","name":"Ultimate Addons for Elementor"},{"slug":"wpforms-lite","init":"wpforms-lite\/wpforms.php","name":"WPForms Lite"}]}},"related-bb-template":18388,"related-elementor-template":59004,"related-gutenberg-template":"","related_ecommerce_template":"","ecommerce_parent_template":""},"id-18265":{"title":"Coach","id":18265,"publish-date":1518672171,"featured-image-url":"https:\/\/websitedemos.net\/wp-content\/uploads\/2019\/07\/coach-02.jpg","thumbnail-image-url":"https:\/\/websitedemos.net\/wp-content\/uploads\/2019\/07\/coach-02.jpg","fullpage-thumbnail-image-url":"https:\/\/websitedemos.net\/wp-content\/uploads\/2019\/07\/coach-02.jpg","astra-site-url":"\/\/websitedemos.net\/coach-02","astra-site-parent-id":220,"astra-sites-tag":{"610":"coaching","608":"guidance","612":"life-coach","609":"motivator","1020":"personal","611":"self-improvement"},"astra-sites-type":"free","astra-site-category":{"27":"business","39":"free"},"astra-sites-template-category":{"2825":"coaching","2835":"elearning","2770":"personal"},"astra-site-page-builder":"elementor","categories":{"2483":"expert-services"},"required-plugins":[{"slug":"elementor","init":"elementor\/elementor.php","name":"Elementor"},{"slug":"wpforms-lite","init":"wpforms-lite\/wpforms.php","name":"WPForms Lite"}],"post-status":"publish","post-content":"<!-- wp:paragraph -->\n<p>The Coach template uses a reassuring blue color known to give confidence. That\u2019s a great choice for a coach, trainer or instructor but can be changed to fit your brand with ease.<\/p>\n<!-- \/wp:paragraph -->\n\n<!-- wp:paragraph -->\n<p>The web template uses a standard business layout with a strong hero section and call to action before opening out into service sections, testimonials and a biography section. You can easily add or remove elements with ease and design every page to fit your own.<\/p>\n<!-- \/wp:paragraph -->\n\n<!-- wp:heading {\"UAGDay\":[]} -->\n<h2 class=\"wp-block-heading\">Key features of the Coach template<\/h2>\n<!-- \/wp:heading -->\n\n<!-- wp:list -->\n<ul><!-- wp:list-item -->\n<li>Inspires confidence as soon as it loads<\/li>\n<!-- \/wp:list-item -->\n\n<!-- wp:list-item -->\n<li>Includes all page sections you would expect from a business website<\/li>\n<!-- \/wp:list-item -->\n\n<!-- wp:list-item -->\n<li>Good use of complementary colors throughout<\/li>\n<!-- \/wp:list-item -->\n\n<!-- wp:list-item -->\n<li>Full range of pages you\u2019ll likely need<\/li>\n<!-- \/wp:list-item -->\n\n<!-- wp:list-item -->\n<li>Full compatibility with leading page builders<\/li>\n<!-- \/wp:list-item --><\/ul>\n<!-- \/wp:list -->","post-excerpt":"Confidence-inspiring template with bright colors and strong professional design","pages":{"id-24381":{"title":"Home","featured-image-url":"https:\/\/websitedemos.net\/wp-content\/uploads\/2019\/07\/coach-02.jpg","thumbnail-image-url":"https:\/\/websitedemos.net\/wp-content\/uploads\/2019\/07\/coach-02.jpg","astra-page-api-url":"https:\/\/websitedemos.net\/coach-02\/wp-json\/wp\/v2\/pages\/7","dynamic-page":"no","astra-page-url":"\/\/websitedemos.net\/coach-02\/","astra-sites-tag":{"423":"home"},"site-pages-type":"free","site-pages-page-builder":"elementor","site-pages-category":[],"site-pages-parent-category":{"60":"business","61":"free"},"required-plugins":[{"slug":"elementor","init":"elementor\/elementor.php","name":"Elementor"}]},"id-24376":{"title":"About","featured-image-url":"https:\/\/websitedemos.net\/wp-content\/uploads\/2019\/07\/coach-02-about.jpg","thumbnail-image-url":"https:\/\/websitedemos.net\/wp-content\/uploads\/2019\/07\/coach-02-about.jpg","astra-page-api-url":"https:\/\/websitedemos.net\/coach-02\/wp-json\/wp\/v2\/pages\/20","dynamic-page":"no","astra-page-url":"\/\/websitedemos.net\/coach-02\/about\/","astra-sites-tag":{"352":"about"},"site-pages-type":"free","site-pages-page-builder":"elementor","site-pages-category":[],"site-pages-parent-category":{"60":"business","61":"free"},"required-plugins":[{"slug":"elementor","init":"elementor\/elementor.php","name":"Elementor"}]},"id-24380":{"title":"e-Books","featured-image-url":"https:\/\/websitedemos.net\/wp-content\/uploads\/2019\/07\/coach-02-e-books.jpg","thumbnail-image-url":"https:\/\/websitedemos.net\/wp-content\/uploads\/2019\/07\/coach-02-e-books.jpg","astra-page-api-url":"https:\/\/websitedemos.net\/coach-02\/wp-json\/wp\/v2\/pages\/21","dynamic-page":"no","astra-page-url":"\/\/websitedemos.net\/coach-02\/e-books\/","astra-sites-tag":{"727":"book","748":"ebook"},"site-pages-type":"free","site-pages-page-builder":"elementor","site-pages-category":[],"site-pages-parent-category":{"60":"business","61":"free"},"required-plugins":[{"slug":"elementor","init":"elementor\/elementor.php","name":"Elementor"}]},"id-24379":{"title":"Courses","featured-image-url":"https:\/\/websitedemos.net\/wp-content\/uploads\/2019\/07\/coach-02-courses.jpg","thumbnail-image-url":"https:\/\/websitedemos.net\/wp-content\/uploads\/2019\/07\/coach-02-courses.jpg","astra-page-api-url":"https:\/\/websitedemos.net\/coach-02\/wp-json\/wp\/v2\/pages\/22","dynamic-page":"no","astra-page-url":"\/\/websitedemos.net\/coach-02\/courses\/","astra-sites-tag":{"462":"courses"},"site-pages-type":"free","site-pages-page-builder":"elementor","site-pages-category":[],"site-pages-parent-category":{"60":"business","61":"free"},"required-plugins":[{"slug":"elementor","init":"elementor\/elementor.php","name":"Elementor"}]},"id-24378":{"title":"Contact","featured-image-url":"https:\/\/websitedemos.net\/wp-content\/uploads\/2019\/07\/coach-02-contact.jpg","thumbnail-image-url":"https:\/\/websitedemos.net\/wp-content\/uploads\/2019\/07\/coach-02-contact.jpg","astra-page-api-url":"https:\/\/websitedemos.net\/coach-02\/wp-json\/wp\/v2\/pages\/24","dynamic-page":"no","astra-page-url":"\/\/websitedemos.net\/coach-02\/contact\/","astra-sites-tag":{"415":"contact"},"site-pages-type":"free","site-pages-page-builder":"elementor","site-pages-category":[],"site-pages-parent-category":{"60":"business","61":"free"},"required-plugins":[{"slug":"elementor","init":"elementor\/elementor.php","name":"Elementor"},{"slug":"wpforms-lite","init":"wpforms-lite\/wpforms.php","name":"WPForms Lite"}]}},"related-bb-template":18372,"related-elementor-template":18265,"related-gutenberg-template":48342,"related_ecommerce_template":"","ecommerce_parent_template":""},"id-18266":{"title":"Motivational Speaker","id":18266,"publish-date":1518672041,"featured-image-url":"https:\/\/websitedemos.net\/wp-content\/uploads\/2018\/02\/motivational-speaker-02-1.jpg","thumbnail-image-url":"https:\/\/websitedemos.net\/wp-content\/uploads\/2018\/02\/motivational-speaker-02-1.jpg","fullpage-thumbnail-image-url":"https:\/\/websitedemos.net\/wp-content\/uploads\/2018\/02\/motivational-speaker-02-1.jpg","astra-site-url":"\/\/websitedemos.net\/motivational-speaker-02","astra-site-parent-id":179,"astra-sites-tag":{"610":"coaching","608":"guidance","612":"life-coach","609":"motivator","1020":"personal","611":"self-improvement"},"astra-sites-type":"free","astra-site-category":{"27":"business","39":"free"},"astra-sites-template-category":{"2825":"coaching","2835":"elearning","2770":"personal"},"astra-site-page-builder":"elementor","categories":{"2483":"expert-services"},"required-plugins":[{"slug":"elementor","init":"elementor\/elementor.php","name":"Elementor"},{"slug":"wpforms-lite","init":"wpforms-lite\/wpforms.php","name":"WPForms Lite"}],"post-status":"publish","post-content":"<!-- wp:paragraph -->\n<p>The Motivational Speaker template just oozes positivity, ideal for a motivational speaker or similar niche. It starts off bold with a full screen image and bright colors before opening out into a high contrast business website layout.<\/p>\n<!-- \/wp:paragraph -->\n\n<!-- wp:paragraph -->\n<p>It\u2019s an engaging design with strong colors, lots of content areas, a testimonial section and calls to action. Supporting pages are equally well designed and deliver a fully operational website for very little effort.<\/p>\n<!-- \/wp:paragraph -->\n\n<!-- wp:heading {\"UAGDay\":[]} -->\n<h2 class=\"wp-block-heading\">Key features of the Motivational Speaker template<\/h2>\n<!-- \/wp:heading -->\n\n<!-- wp:list -->\n<ul><!-- wp:list-item -->\n<li>Bold opening that instantly captivates<\/li>\n<!-- \/wp:list-item -->\n\n<!-- wp:list-item -->\n<li>Bright, positive vibe that\u2019s perfect for the niche<\/li>\n<!-- \/wp:list-item -->\n\n<!-- wp:list-item -->\n<li>Plenty of whitespace to balance the brightness<\/li>\n<!-- \/wp:list-item -->\n\n<!-- wp:list-item -->\n<li>Lots of content areas to tell your story<\/li>\n<!-- \/wp:list-item -->\n\n<!-- wp:list-item -->\n<li>Full compatibility with leading page builders<\/li>\n<!-- \/wp:list-item --><\/ul>\n<!-- \/wp:list -->","post-excerpt":"Light, bright template that oozes the positivity and engagement we expect from a speaker","pages":{"id-23675":{"title":"Home","featured-image-url":"https:\/\/websitedemos.net\/wp-content\/uploads\/2018\/02\/motivational-speaker-02-1.jpg","thumbnail-image-url":"https:\/\/websitedemos.net\/wp-content\/uploads\/2018\/02\/motivational-speaker-02-1.jpg","astra-page-api-url":"https:\/\/websitedemos.net\/motivational-speaker-02\/wp-json\/wp\/v2\/pages\/19","dynamic-page":"no","astra-page-url":"\/\/websitedemos.net\/motivational-speaker-02\/","astra-sites-tag":{"423":"home"},"site-pages-type":"free","site-pages-page-builder":"elementor","site-pages-category":[],"site-pages-parent-category":{"60":"business","61":"free"},"required-plugins":[{"slug":"elementor","init":"elementor\/elementor.php","name":"Elementor"}]},"id-23670":{"title":"About","featured-image-url":"https:\/\/websitedemos.net\/wp-content\/uploads\/2019\/07\/motivational-speaker-02-about.jpg","thumbnail-image-url":"https:\/\/websitedemos.net\/wp-content\/uploads\/2019\/07\/motivational-speaker-02-about.jpg","astra-page-api-url":"https:\/\/websitedemos.net\/motivational-speaker-02\/wp-json\/wp\/v2\/pages\/22","dynamic-page":"no","astra-page-url":"\/\/websitedemos.net\/motivational-speaker-02\/about\/","astra-sites-tag":{"352":"about"},"site-pages-type":"free","site-pages-page-builder":"elementor","site-pages-category":[],"site-pages-parent-category":{"60":"business","61":"free"},"required-plugins":[{"slug":"elementor","init":"elementor\/elementor.php","name":"Elementor"}]},"id-23674":{"title":"e-Books","featured-image-url":"https:\/\/websitedemos.net\/wp-content\/uploads\/2019\/07\/motivational-speaker-02-e-books.jpg","thumbnail-image-url":"https:\/\/websitedemos.net\/wp-content\/uploads\/2019\/07\/motivational-speaker-02-e-books.jpg","astra-page-api-url":"https:\/\/websitedemos.net\/motivational-speaker-02\/wp-json\/wp\/v2\/pages\/24","dynamic-page":"no","astra-page-url":"\/\/websitedemos.net\/motivational-speaker-02\/e-books\/","astra-sites-tag":{"727":"book","748":"ebook"},"site-pages-type":"free","site-pages-page-builder":"elementor","site-pages-category":[],"site-pages-parent-category":{"60":"business","61":"free"},"required-plugins":[{"slug":"elementor","init":"elementor\/elementor.php","name":"Elementor"}]},"id-23673":{"title":"Courses","featured-image-url":"https:\/\/websitedemos.net\/wp-content\/uploads\/2019\/07\/motivational-speaker-02-courses.jpg","thumbnail-image-url":"https:\/\/websitedemos.net\/wp-content\/uploads\/2019\/07\/motivational-speaker-02-courses.jpg","astra-page-api-url":"https:\/\/websitedemos.net\/motivational-speaker-02\/wp-json\/wp\/v2\/pages\/25","dynamic-page":"no","astra-page-url":"\/\/websitedemos.net\/motivational-speaker-02\/courses\/","astra-sites-tag":{"462":"courses"},"site-pages-type":"free","site-pages-page-builder":"elementor","site-pages-category":[],"site-pages-parent-category":{"60":"business","61":"free"},"required-plugins":[{"slug":"elementor","init":"elementor\/elementor.php","name":"Elementor"}]},"id-23672":{"title":"Contact","featured-image-url":"https:\/\/websitedemos.net\/wp-content\/uploads\/2019\/07\/motivational-speaker-02-contact.jpg","thumbnail-image-url":"https:\/\/websitedemos.net\/wp-content\/uploads\/2019\/07\/motivational-speaker-02-contact.jpg","astra-page-api-url":"https:\/\/websitedemos.net\/motivational-speaker-02\/wp-json\/wp\/v2\/pages\/27","dynamic-page":"no","astra-page-url":"\/\/websitedemos.net\/motivational-speaker-02\/contact\/","astra-sites-tag":{"415":"contact"},"site-pages-type":"free","site-pages-page-builder":"elementor","site-pages-category":[],"site-pages-parent-category":{"60":"business","61":"free"},"required-plugins":[{"slug":"elementor","init":"elementor\/elementor.php","name":"Elementor"},{"slug":"wpforms-lite","init":"wpforms-lite\/wpforms.php","name":"WPForms Lite"}]}},"related-bb-template":18384,"related-elementor-template":18266,"related-gutenberg-template":48231,"related_ecommerce_template":"","ecommerce_parent_template":""},"id-18384":{"title":"Motivational Speaker","id":18384,"publish-date":1522057475,"featured-image-url":"https:\/\/websitedemos.net\/wp-content\/uploads\/2019\/07\/motivational-speaker-03-homepage.jpg","thumbnail-image-url":"https:\/\/websitedemos.net\/wp-content\/uploads\/2019\/07\/motivational-speaker-03-homepage.jpg","fullpage-thumbnail-image-url":"https:\/\/websitedemos.net\/wp-content\/uploads\/2019\/07\/motivational-speaker-03-homepage.jpg","astra-site-url":"\/\/websitedemos.net\/motivational-speaker-03","astra-site-parent-id":195,"astra-sites-tag":{"610":"coaching","608":"guidance","612":"life-coach","855":"motivational-speaker","609":"motivator","611":"self-improvement"},"astra-sites-type":"agency-mini","astra-site-category":{"27":"business"},"astra-sites-template-category":[],"astra-site-page-builder":"beaver-builder","categories":{"2483":"expert-services"},"required-plugins":[{"slug":"beaver-builder-lite-version","init":"beaver-builder-lite-version\/fl-builder.php","name":"Beaver Builder Plugin (Lite Version)"},{"slug":"bb-ultimate-addon","init":"bb-ultimate-addon\/bb-ultimate-addon.php","name":"Ultimate Addons for Beaver Builder"},{"slug":"wpforms-lite","init":"wpforms-lite\/wpforms.php","name":"WPForms Lite"}],"post-status":"publish","post-content":"","post-excerpt":"","pages":{"id-23996":{"title":"Home","featured-image-url":"https:\/\/websitedemos.net\/wp-content\/uploads\/2019\/07\/motivational-speaker-03-homepage.jpg","thumbnail-image-url":"https:\/\/websitedemos.net\/wp-content\/uploads\/2019\/07\/motivational-speaker-03-homepage.jpg","astra-page-api-url":"https:\/\/websitedemos.net\/motivational-speaker-03\/wp-json\/wp\/v2\/pages\/7","dynamic-page":"no","astra-page-url":"\/\/websitedemos.net\/motivational-speaker-03\/","astra-sites-tag":{"423":"home"},"site-pages-type":"agency-mini","site-pages-page-builder":"beaver-builder","site-pages-category":[],"site-pages-parent-category":{"60":"business"},"required-plugins":[{"slug":"beaver-builder-lite-version","init":"beaver-builder-lite-version\/fl-builder.php","name":"Beaver Builder Plugin (Lite Version)"},{"slug":"bb-ultimate-addon","init":"bb-ultimate-addon\/bb-ultimate-addon.php","name":"Ultimate Addons for Beaver Builder"}]},"id-23991":{"title":"About","featured-image-url":"https:\/\/websitedemos.net\/wp-content\/uploads\/2019\/07\/motivational-speaker-03-about-1.jpg","thumbnail-image-url":"https:\/\/websitedemos.net\/wp-content\/uploads\/2019\/07\/motivational-speaker-03-about-1.jpg","astra-page-api-url":"https:\/\/websitedemos.net\/motivational-speaker-03\/wp-json\/wp\/v2\/pages\/20","dynamic-page":"no","astra-page-url":"\/\/websitedemos.net\/motivational-speaker-03\/about\/","astra-sites-tag":{"352":"about"},"site-pages-type":"agency-mini","site-pages-page-builder":"beaver-builder","site-pages-category":[],"site-pages-parent-category":{"60":"business"},"required-plugins":[{"slug":"beaver-builder-lite-version","init":"beaver-builder-lite-version\/fl-builder.php","name":"Beaver Builder Plugin (Lite Version)"},{"slug":"bb-ultimate-addon","init":"bb-ultimate-addon\/bb-ultimate-addon.php","name":"Ultimate Addons for Beaver Builder"}]},"id-23995":{"title":"e-Books","featured-image-url":"https:\/\/websitedemos.net\/wp-content\/uploads\/2019\/07\/motivational-speaker-03-e-books-1.jpg","thumbnail-image-url":"https:\/\/websitedemos.net\/wp-content\/uploads\/2019\/07\/motivational-speaker-03-e-books-1.jpg","astra-page-api-url":"https:\/\/websitedemos.net\/motivational-speaker-03\/wp-json\/wp\/v2\/pages\/21","dynamic-page":"no","astra-page-url":"\/\/websitedemos.net\/motivational-speaker-03\/e-books\/","astra-sites-tag":{"727":"book","781":"e-book"},"site-pages-type":"agency-mini","site-pages-page-builder":"beaver-builder","site-pages-category":[],"site-pages-parent-category":{"60":"business"},"required-plugins":[{"slug":"beaver-builder-lite-version","init":"beaver-builder-lite-version\/fl-builder.php","name":"Beaver Builder Plugin (Lite Version)"},{"slug":"bb-ultimate-addon","init":"bb-ultimate-addon\/bb-ultimate-addon.php","name":"Ultimate Addons for Beaver Builder"}]},"id-23994":{"title":"Courses","featured-image-url":"https:\/\/websitedemos.net\/wp-content\/uploads\/2019\/07\/motivational-speaker-03-courses-1.jpg","thumbnail-image-url":"https:\/\/websitedemos.net\/wp-content\/uploads\/2019\/07\/motivational-speaker-03-courses-1.jpg","astra-page-api-url":"https:\/\/websitedemos.net\/motivational-speaker-03\/wp-json\/wp\/v2\/pages\/22","dynamic-page":"no","astra-page-url":"\/\/websitedemos.net\/motivational-speaker-03\/courses\/","astra-sites-tag":{"462":"courses"},"site-pages-type":"agency-mini","site-pages-page-builder":"beaver-builder","site-pages-category":[],"site-pages-parent-category":{"60":"business"},"required-plugins":[{"slug":"beaver-builder-lite-version","init":"beaver-builder-lite-version\/fl-builder.php","name":"Beaver Builder Plugin (Lite Version)"},{"slug":"bb-ultimate-addon","init":"bb-ultimate-addon\/bb-ultimate-addon.php","name":"Ultimate Addons for Beaver Builder"}]},"id-23993":{"title":"Contact","featured-image-url":"https:\/\/websitedemos.net\/wp-content\/uploads\/2019\/07\/motivational-speaker-03-contact-1.jpg","thumbnail-image-url":"https:\/\/websitedemos.net\/wp-content\/uploads\/2019\/07\/motivational-speaker-03-contact-1.jpg","astra-page-api-url":"https:\/\/websitedemos.net\/motivational-speaker-03\/wp-json\/wp\/v2\/pages\/24","dynamic-page":"no","astra-page-url":"\/\/websitedemos.net\/motivational-speaker-03\/contact\/","astra-sites-tag":{"415":"contact"},"site-pages-type":"agency-mini","site-pages-page-builder":"beaver-builder","site-pages-category":[],"site-pages-parent-category":{"60":"business"},"required-plugins":[{"slug":"beaver-builder-lite-version","init":"beaver-builder-lite-version\/fl-builder.php","name":"Beaver Builder Plugin (Lite Version)"},{"slug":"bb-ultimate-addon","init":"bb-ultimate-addon\/bb-ultimate-addon.php","name":"Ultimate Addons for Beaver Builder"},{"slug":"wpforms-lite","init":"wpforms-lite\/wpforms.php","name":"WPForms Lite"}]}},"related-bb-template":"","related-elementor-template":"","related-gutenberg-template":"","related_ecommerce_template":"","ecommerce_parent_template":""},"id-19755":{"title":"Motivational Speaker","id":19755,"publish-date":1543500768,"featured-image-url":"https:\/\/websitedemos.net\/wp-content\/uploads\/2019\/07\/motivational-speaker-feb-20-home.jpg","thumbnail-image-url":"https:\/\/websitedemos.net\/wp-content\/uploads\/2019\/07\/motivational-speaker-feb-20-home.jpg","fullpage-thumbnail-image-url":"https:\/\/websitedemos.net\/wp-content\/uploads\/2019\/07\/motivational-speaker-feb-20-home.jpg","astra-site-url":"\/\/websitedemos.net\/motivational-speaker-05","astra-site-parent-id":176,"astra-sites-tag":{"610":"coaching","608":"guidance","612":"life-coach","609":"motivator","611":"self-improvement"},"astra-sites-type":"free","astra-site-category":{"27":"business","39":"free"},"astra-sites-template-category":[],"astra-site-page-builder":"brizy","categories":[],"required-plugins":[{"slug":"brizy","init":"brizy\/brizy.php","name":"Brizy"}],"post-status":"publish","post-content":"","post-excerpt":"","pages":{"id-23645":{"title":"Home","featured-image-url":"https:\/\/websitedemos.net\/wp-content\/uploads\/2019\/07\/motivational-speaker-feb-20-home.jpg","thumbnail-image-url":"https:\/\/websitedemos.net\/wp-content\/uploads\/2019\/07\/motivational-speaker-feb-20-home.jpg","astra-page-api-url":"https:\/\/websitedemos.net\/motivational-speaker-05\/wp-json\/wp\/v2\/pages\/122","dynamic-page":"no","astra-page-url":"\/\/websitedemos.net\/motivational-speaker-05\/","astra-sites-tag":{"423":"home"},"site-pages-type":"free","site-pages-page-builder":"brizy","site-pages-category":[],"site-pages-parent-category":{"60":"business","61":"free"},"required-plugins":[{"slug":"brizy","init":"brizy\/brizy.php","name":"Brizy"}]},"id-23640":{"title":"About","featured-image-url":"https:\/\/websitedemos.net\/wp-content\/uploads\/2019\/07\/motivational-speaker-feb-20-about.jpg","thumbnail-image-url":"https:\/\/websitedemos.net\/wp-content\/uploads\/2019\/07\/motivational-speaker-feb-20-about.jpg","astra-page-api-url":"https:\/\/websitedemos.net\/motivational-speaker-05\/wp-json\/wp\/v2\/pages\/131","dynamic-page":"no","astra-page-url":"\/\/websitedemos.net\/motivational-speaker-05\/about\/","astra-sites-tag":{"352":"about"},"site-pages-type":"free","site-pages-page-builder":"brizy","site-pages-category":[],"site-pages-parent-category":{"60":"business","61":"free"},"required-plugins":[{"slug":"brizy","init":"brizy\/brizy.php","name":"Brizy"}]},"id-23644":{"title":"e-Books","featured-image-url":"https:\/\/websitedemos.net\/wp-content\/uploads\/2019\/07\/motivational-speaker-feb-20-ebooks.jpg","thumbnail-image-url":"https:\/\/websitedemos.net\/wp-content\/uploads\/2019\/07\/motivational-speaker-feb-20-ebooks.jpg","astra-page-api-url":"https:\/\/websitedemos.net\/motivational-speaker-05\/wp-json\/wp\/v2\/pages\/137","dynamic-page":"no","astra-page-url":"\/\/websitedemos.net\/motivational-speaker-05\/e-books\/","astra-sites-tag":{"781":"e-book"},"site-pages-type":"free","site-pages-page-builder":"brizy","site-pages-category":[],"site-pages-parent-category":{"60":"business","61":"free"},"required-plugins":[{"slug":"brizy","init":"brizy\/brizy.php","name":"Brizy"}]},"id-23643":{"title":"Courses","featured-image-url":"https:\/\/websitedemos.net\/wp-content\/uploads\/2019\/07\/motivational-speaker-feb-20-courses.jpg","thumbnail-image-url":"https:\/\/websitedemos.net\/wp-content\/uploads\/2019\/07\/motivational-speaker-feb-20-courses.jpg","astra-page-api-url":"https:\/\/websitedemos.net\/motivational-speaker-05\/wp-json\/wp\/v2\/pages\/140","dynamic-page":"no","astra-page-url":"\/\/websitedemos.net\/motivational-speaker-05\/courses\/","astra-sites-tag":{"462":"courses"},"site-pages-type":"free","site-pages-page-builder":"brizy","site-pages-category":[],"site-pages-parent-category":{"60":"business","61":"free"},"required-plugins":[{"slug":"brizy","init":"brizy\/brizy.php","name":"Brizy"}]},"id-23642":{"title":"Contact","featured-image-url":"https:\/\/websitedemos.net\/wp-content\/uploads\/2019\/07\/motivational-speaker-feb-20-contact.jpg","thumbnail-image-url":"https:\/\/websitedemos.net\/wp-content\/uploads\/2019\/07\/motivational-speaker-feb-20-contact.jpg","astra-page-api-url":"https:\/\/websitedemos.net\/motivational-speaker-05\/wp-json\/wp\/v2\/pages\/146","dynamic-page":"no","astra-page-url":"\/\/websitedemos.net\/motivational-speaker-05\/contact\/","astra-sites-tag":{"415":"contact"},"site-pages-type":"free","site-pages-page-builder":"brizy","site-pages-category":[],"site-pages-parent-category":{"60":"business","61":"free"},"required-plugins":[{"slug":"brizy","init":"brizy\/brizy.php","name":"Brizy"}]}},"related-bb-template":"","related-elementor-template":"","related-gutenberg-template":"","related_ecommerce_template":"","ecommerce_parent_template":""},"id-48342":{"title":"Coach","id":48342,"publish-date":1603908987,"featured-image-url":"https:\/\/websitedemos.net\/wp-content\/uploads\/2020\/10\/coach-08.jpg","thumbnail-image-url":"https:\/\/websitedemos.net\/wp-content\/uploads\/2020\/10\/coach-08-600x1970.jpg","fullpage-thumbnail-image-url":"https:\/\/websitedemos.net\/wp-content\/uploads\/2020\/10\/coach-08-400x1313.jpg","astra-site-url":"\/\/websitedemos.net\/coach-08","astra-site-parent-id":1723,"astra-sites-tag":{"610":"coaching","608":"guidance","612":"life-coach","609":"motivator","611":"self-improvement"},"astra-sites-type":"free","astra-site-category":{"27":"business","39":"free"},"astra-sites-template-category":[],"astra-site-page-builder":"gutenberg","categories":{"2483":"expert-services"},"required-plugins":[{"slug":"ultimate-addons-for-gutenberg","init":"ultimate-addons-for-gutenberg\/ultimate-addons-for-gutenberg.php","name":"Spectra"}],"post-status":"publish","post-content":"","post-excerpt":"","pages":{"id-48347":{"title":"Home","featured-image-url":"https:\/\/websitedemos.net\/wp-content\/uploads\/2020\/10\/coach-08.jpg","thumbnail-image-url":"https:\/\/websitedemos.net\/wp-content\/uploads\/2020\/10\/coach-08-600x1970.jpg","astra-page-api-url":"https:\/\/websitedemos.net\/coach-08\/wp-json\/wp\/v2\/pages\/389","dynamic-page":"no","astra-page-url":"\/\/websitedemos.net\/coach-08\/","astra-sites-tag":{"423":"home"},"site-pages-type":"free","site-pages-page-builder":"gutenberg","site-pages-category":[],"site-pages-parent-category":{"60":"business","61":"free"},"required-plugins":[{"slug":"ultimate-addons-for-gutenberg","init":"ultimate-addons-for-gutenberg\/ultimate-addons-for-gutenberg.php","name":"Spectra"}]},"id-48343":{"title":"About","featured-image-url":"https:\/\/websitedemos.net\/wp-content\/uploads\/2020\/10\/coach-08-about-1.jpg","thumbnail-image-url":"https:\/\/websitedemos.net\/wp-content\/uploads\/2020\/10\/coach-08-about-1-600x1638.jpg","astra-page-api-url":"https:\/\/websitedemos.net\/coach-08\/wp-json\/wp\/v2\/pages\/391","dynamic-page":"no","astra-page-url":"\/\/websitedemos.net\/coach-08\/about\/","astra-sites-tag":{"352":"about"},"site-pages-type":"free","site-pages-page-builder":"gutenberg","site-pages-category":[],"site-pages-parent-category":{"60":"business","61":"free"},"required-plugins":[{"slug":"ultimate-addons-for-gutenberg","init":"ultimate-addons-for-gutenberg\/ultimate-addons-for-gutenberg.php","name":"Spectra"}]},"id-48346":{"title":"e-Book","featured-image-url":"https:\/\/websitedemos.net\/wp-content\/uploads\/2020\/10\/coach-08-ebook.jpg","thumbnail-image-url":"https:\/\/websitedemos.net\/wp-content\/uploads\/2020\/10\/coach-08-ebook-600x1161.jpg","astra-page-api-url":"https:\/\/websitedemos.net\/coach-08\/wp-json\/wp\/v2\/pages\/393","dynamic-page":"no","astra-page-url":"\/\/websitedemos.net\/coach-08\/e-book\/","astra-sites-tag":{"748":"ebook"},"site-pages-type":"free","site-pages-page-builder":"gutenberg","site-pages-category":[],"site-pages-parent-category":{"60":"business","61":"free"},"required-plugins":[{"slug":"ultimate-addons-for-gutenberg","init":"ultimate-addons-for-gutenberg\/ultimate-addons-for-gutenberg.php","name":"Spectra"}]},"id-48345":{"title":"Courses","featured-image-url":"https:\/\/websitedemos.net\/wp-content\/uploads\/2020\/10\/coach-08-courses-1.jpg","thumbnail-image-url":"https:\/\/websitedemos.net\/wp-content\/uploads\/2020\/10\/coach-08-courses-1-600x1018.jpg","astra-page-api-url":"https:\/\/websitedemos.net\/coach-08\/wp-json\/wp\/v2\/pages\/395","dynamic-page":"no","astra-page-url":"\/\/websitedemos.net\/coach-08\/courses\/","astra-sites-tag":{"462":"courses"},"site-pages-type":"free","site-pages-page-builder":"gutenberg","site-pages-category":[],"site-pages-parent-category":{"60":"business","61":"free"},"required-plugins":[{"slug":"ultimate-addons-for-gutenberg","init":"ultimate-addons-for-gutenberg\/ultimate-addons-for-gutenberg.php","name":"Spectra"}]},"id-48344":{"title":"Contact","featured-image-url":"https:\/\/websitedemos.net\/wp-content\/uploads\/2020\/10\/coach-08-contact-1.jpg","thumbnail-image-url":"https:\/\/websitedemos.net\/wp-content\/uploads\/2020\/10\/coach-08-contact-1-600x855.jpg","astra-page-api-url":"https:\/\/websitedemos.net\/coach-08\/wp-json\/wp\/v2\/pages\/397","dynamic-page":"no","astra-page-url":"\/\/websitedemos.net\/coach-08\/contact\/","astra-sites-tag":{"415":"contact"},"site-pages-type":"free","site-pages-page-builder":"gutenberg","site-pages-category":[],"site-pages-parent-category":{"60":"business","61":"free"},"required-plugins":[{"slug":"ultimate-addons-for-gutenberg","init":"ultimate-addons-for-gutenberg\/ultimate-addons-for-gutenberg.php","name":"Spectra"}]}},"related-bb-template":"","related-elementor-template":"","related-gutenberg-template":"","related_ecommerce_template":"","ecommerce_parent_template":""}}