{"id-68320":{"title":"Party Planner","id":68320,"publish-date":1661347018,"featured-image-url":"https:\/\/websitedemos.net\/wp-content\/uploads\/2022\/08\/party-planner-08.jpg","thumbnail-image-url":"https:\/\/websitedemos.net\/wp-content\/uploads\/2022\/08\/party-planner-08-600x3106.jpg","fullpage-thumbnail-image-url":"https:\/\/websitedemos.net\/wp-content\/uploads\/2022\/08\/party-planner-08-400x2071.jpg","astra-site-url":"\/\/websitedemos.net\/party-planner-08","astra-site-parent-id":2901,"astra-sites-tag":{"2633":"celebration-planner","2630":"event-coordinator","2632":"event-facilitator","2631":"event-manager","2635":"party","2634":"party-organizer"},"astra-sites-type":"free","astra-site-category":{"27":"business","39":"free"},"astra-sites-template-category":[],"astra-site-page-builder":"gutenberg","categories":{"2486":"art-music","2489":"event-invitation"},"required-plugins":[{"slug":"ultimate-addons-for-gutenberg","init":"ultimate-addons-for-gutenberg\/ultimate-addons-for-gutenberg.php","name":"Spectra"}],"post-status":"publish","post-content":"","post-excerpt":"","pages":{"id-68321":{"title":"Home","featured-image-url":"https:\/\/websitedemos.net\/wp-content\/uploads\/2022\/08\/party-planner-08.jpg","thumbnail-image-url":"https:\/\/websitedemos.net\/wp-content\/uploads\/2022\/08\/party-planner-08-600x3106.jpg","astra-page-api-url":"https:\/\/websitedemos.net\/party-planner-08\/wp-json\/wp\/v2\/pages\/5","dynamic-page":"no","astra-page-url":"\/\/websitedemos.net\/party-planner-08\/","astra-sites-tag":{"423":"home","814":"homepage"},"site-pages-type":"free","site-pages-page-builder":"gutenberg","site-pages-category":[],"site-pages-parent-category":{"60":"business","61":"free"},"required-plugins":[{"slug":"ultimate-addons-for-gutenberg","init":"ultimate-addons-for-gutenberg\/ultimate-addons-for-gutenberg.php","name":"Spectra"}]}},"related-bb-template":"","related-elementor-template":"","related-gutenberg-template":"","related_ecommerce_template":"","ecommerce_parent_template":""},"id-68254":{"title":"Construction Company","id":68254,"publish-date":1661280044,"featured-image-url":"https:\/\/websitedemos.net\/wp-content\/uploads\/2022\/08\/construction-company-08.jpg","thumbnail-image-url":"https:\/\/websitedemos.net\/wp-content\/uploads\/2022\/08\/construction-company-08-600x3578.jpg","fullpage-thumbnail-image-url":"https:\/\/websitedemos.net\/wp-content\/uploads\/2022\/08\/construction-company-08-400x2385.jpg","astra-site-url":"\/\/websitedemos.net\/construction-company-08","astra-site-parent-id":2900,"astra-sites-tag":{"435":"architecture","3078":"builder","692":"business","484":"construction","795":"contractor","485":"real-estate"},"astra-sites-type":"free","astra-site-category":{"27":"business","39":"free"},"astra-sites-template-category":{"2795":"architecture","2836":"construction","2778":"real-estate"},"astra-site-page-builder":"gutenberg","categories":{"2484":"real-estate"},"required-plugins":[{"slug":"ultimate-addons-for-gutenberg","init":"ultimate-addons-for-gutenberg\/ultimate-addons-for-gutenberg.php","name":"Spectra"}],"post-status":"publish","post-content":"<!-- wp:paragraph -->\n<p>The Construction template is very clean and crisp, ideal for forward-looking businesses. While set up for construction, you could easily use it for architecture, real estate, and other business types.<\/p>\n<!-- \/wp:paragraph -->\n\n<!-- wp:paragraph -->\n<p>The design uses bright colors and whitespace along with great imagery to create a positive first impression. Something continued effortlessly throughout the template. Thanks to full compatibility with page builders, you can transform this template without touching a line of code!<\/p>\n<!-- \/wp:paragraph -->\n\n<!-- wp:heading -->\n<h2>Key features of the Construction template<\/h2>\n<!-- \/wp:heading -->\n\n<!-- wp:list -->\n<ul><!-- wp:list-item -->\n<li>Clean, crisp business template ideal for business<\/li>\n<!-- \/wp:list-item -->\n\n<!-- wp:list-item -->\n<li>Fantastic use of colors, images, and whitespace<\/li>\n<!-- \/wp:list-item -->\n\n<!-- wp:list-item -->\n<li>Equally attractive extra pages to continue the feel<\/li>\n<!-- \/wp:list-item -->\n\n<!-- wp:list-item -->\n<li>Standout engagement buttons<\/li>\n<!-- \/wp:list-item -->\n\n<!-- wp:list-item -->\n<li>Flexible content areas on every page<\/li>\n<!-- \/wp:list-item -->\n\n<!-- wp:list-item -->\n<li>Full compatibility with drag-and-drop page builders<\/li>\n<!-- \/wp:list-item --><\/ul>\n<!-- \/wp:list -->","post-excerpt":"Inspire confidence in new clients with this clean and crisp construction template","pages":{"id-68255":{"title":"About","featured-image-url":"https:\/\/websitedemos.net\/wp-content\/uploads\/2022\/08\/construction-company-08-about.jpg","thumbnail-image-url":"https:\/\/websitedemos.net\/wp-content\/uploads\/2022\/08\/construction-company-08-about-600x1664.jpg","astra-page-api-url":"https:\/\/websitedemos.net\/construction-company-08\/wp-json\/wp\/v2\/pages\/499","dynamic-page":"no","astra-page-url":"\/\/websitedemos.net\/construction-company-08\/about\/","astra-sites-tag":[],"site-pages-type":"free","site-pages-page-builder":"gutenberg","site-pages-category":[],"site-pages-parent-category":{"60":"business","61":"free"},"required-plugins":[{"slug":"ultimate-addons-for-gutenberg","init":"ultimate-addons-for-gutenberg\/ultimate-addons-for-gutenberg.php","name":"Spectra"}]},"id-68256":{"title":"Contact","featured-image-url":"https:\/\/websitedemos.net\/wp-content\/uploads\/2022\/08\/construction-company-08-contact.jpg","thumbnail-image-url":"https:\/\/websitedemos.net\/wp-content\/uploads\/2022\/08\/construction-company-08-contact-600x1495.jpg","astra-page-api-url":"https:\/\/websitedemos.net\/construction-company-08\/wp-json\/wp\/v2\/pages\/501","dynamic-page":"no","astra-page-url":"\/\/websitedemos.net\/construction-company-08\/contact\/","astra-sites-tag":[],"site-pages-type":"free","site-pages-page-builder":"gutenberg","site-pages-category":[],"site-pages-parent-category":{"60":"business","61":"free"},"required-plugins":[{"slug":"ultimate-addons-for-gutenberg","init":"ultimate-addons-for-gutenberg\/ultimate-addons-for-gutenberg.php","name":"Spectra"}]},"id-68257":{"title":"Home","featured-image-url":"https:\/\/websitedemos.net\/wp-content\/uploads\/2022\/08\/construction-company-08.jpg","thumbnail-image-url":"https:\/\/websitedemos.net\/wp-content\/uploads\/2022\/08\/construction-company-08-600x3578.jpg","astra-page-api-url":"https:\/\/websitedemos.net\/construction-company-08\/wp-json\/wp\/v2\/pages\/493","dynamic-page":"no","astra-page-url":"\/\/websitedemos.net\/construction-company-08\/","astra-sites-tag":[],"site-pages-type":"free","site-pages-page-builder":"gutenberg","site-pages-category":[],"site-pages-parent-category":{"60":"business","61":"free"},"required-plugins":[{"slug":"ultimate-addons-for-gutenberg","init":"ultimate-addons-for-gutenberg\/ultimate-addons-for-gutenberg.php","name":"Spectra"}]},"id-68258":{"title":"Projects","featured-image-url":"https:\/\/websitedemos.net\/wp-content\/uploads\/2022\/08\/construction-company-08-projects.jpg","thumbnail-image-url":"https:\/\/websitedemos.net\/wp-content\/uploads\/2022\/08\/construction-company-08-projects-600x1191.jpg","astra-page-api-url":"https:\/\/websitedemos.net\/construction-company-08\/wp-json\/wp\/v2\/pages\/495","dynamic-page":"no","astra-page-url":"\/\/websitedemos.net\/construction-company-08\/projects\/","astra-sites-tag":[],"site-pages-type":"free","site-pages-page-builder":"gutenberg","site-pages-category":[],"site-pages-parent-category":{"60":"business","61":"free"},"required-plugins":[{"slug":"ultimate-addons-for-gutenberg","init":"ultimate-addons-for-gutenberg\/ultimate-addons-for-gutenberg.php","name":"Spectra"}]},"id-68259":{"title":"Services","featured-image-url":"https:\/\/websitedemos.net\/wp-content\/uploads\/2022\/08\/construction-company-08-services.jpg","thumbnail-image-url":"https:\/\/websitedemos.net\/wp-content\/uploads\/2022\/08\/construction-company-08-services-600x1119.jpg","astra-page-api-url":"https:\/\/websitedemos.net\/construction-company-08\/wp-json\/wp\/v2\/pages\/497","dynamic-page":"no","astra-page-url":"\/\/websitedemos.net\/construction-company-08\/services\/","astra-sites-tag":[],"site-pages-type":"free","site-pages-page-builder":"gutenberg","site-pages-category":[],"site-pages-parent-category":{"60":"business","61":"free"},"required-plugins":[{"slug":"ultimate-addons-for-gutenberg","init":"ultimate-addons-for-gutenberg\/ultimate-addons-for-gutenberg.php","name":"Spectra"}]}},"related-bb-template":"","related-elementor-template":"","related-gutenberg-template":"","related_ecommerce_template":"","ecommerce_parent_template":""},"id-68223":{"title":"Generic Template","id":68223,"publish-date":1661271693,"featured-image-url":"https:\/\/websitedemos.net\/wp-content\/uploads\/2022\/08\/generic-template-08.jpg","thumbnail-image-url":"https:\/\/websitedemos.net\/wp-content\/uploads\/2022\/08\/generic-template-08-600x2196.jpg","fullpage-thumbnail-image-url":"https:\/\/websitedemos.net\/wp-content\/uploads\/2022\/08\/generic-template-08-400x1464.jpg","astra-site-url":"\/\/websitedemos.net\/generic-template-08","astra-site-parent-id":2898,"astra-sites-tag":{"2456":"generic","2667":"generic-template","862":"home-decor","522":"home-remodeling","2184":"house","2666":"realestate"},"astra-sites-type":"free","astra-site-category":{"39":"free","36":"other"},"astra-sites-template-category":[],"astra-site-page-builder":"gutenberg","categories":{"2484":"real-estate"},"required-plugins":[{"slug":"ultimate-addons-for-gutenberg","init":"ultimate-addons-for-gutenberg\/ultimate-addons-for-gutenberg.php","name":"Spectra"}],"post-status":"publish","post-content":"","post-excerpt":"","pages":{"id-68229":{"title":"About Us","featured-image-url":"https:\/\/websitedemos.net\/wp-content\/uploads\/2022\/08\/generic-template-08-about-us.jpg","thumbnail-image-url":"https:\/\/websitedemos.net\/wp-content\/uploads\/2022\/08\/generic-template-08-about-us-600x1567.jpg","astra-page-api-url":"https:\/\/websitedemos.net\/generic-template-08\/wp-json\/wp\/v2\/pages\/72","dynamic-page":"no","astra-page-url":"\/\/websitedemos.net\/generic-template-08\/about-us\/","astra-sites-tag":{"352":"about","455":"about-us"},"site-pages-type":"free","site-pages-page-builder":"gutenberg","site-pages-category":[],"site-pages-parent-category":{"61":"free","139":"other"},"required-plugins":[{"slug":"ultimate-addons-for-gutenberg","init":"ultimate-addons-for-gutenberg\/ultimate-addons-for-gutenberg.php","name":"Spectra"}]},"id-68230":{"title":"Contact","featured-image-url":"https:\/\/websitedemos.net\/wp-content\/uploads\/2022\/08\/generic-template-08-contact.jpg","thumbnail-image-url":"https:\/\/websitedemos.net\/wp-content\/uploads\/2022\/08\/generic-template-08-contact-600x1212.jpg","astra-page-api-url":"https:\/\/websitedemos.net\/generic-template-08\/wp-json\/wp\/v2\/pages\/76","dynamic-page":"no","astra-page-url":"\/\/websitedemos.net\/generic-template-08\/contact\/","astra-sites-tag":{"415":"contact","454":"contact-us"},"site-pages-type":"free","site-pages-page-builder":"gutenberg","site-pages-category":[],"site-pages-parent-category":{"61":"free","139":"other"},"required-plugins":[{"slug":"ultimate-addons-for-gutenberg","init":"ultimate-addons-for-gutenberg\/ultimate-addons-for-gutenberg.php","name":"Spectra"}]},"id-68231":{"title":"Home","featured-image-url":"https:\/\/websitedemos.net\/wp-content\/uploads\/2022\/08\/generic-template-08.jpg","thumbnail-image-url":"https:\/\/websitedemos.net\/wp-content\/uploads\/2022\/08\/generic-template-08-600x2196.jpg","astra-page-api-url":"https:\/\/websitedemos.net\/generic-template-08\/wp-json\/wp\/v2\/pages\/69","dynamic-page":"no","astra-page-url":"\/\/websitedemos.net\/generic-template-08\/","astra-sites-tag":{"423":"home","814":"homepage"},"site-pages-type":"free","site-pages-page-builder":"gutenberg","site-pages-category":[],"site-pages-parent-category":{"61":"free","139":"other"},"required-plugins":[{"slug":"ultimate-addons-for-gutenberg","init":"ultimate-addons-for-gutenberg\/ultimate-addons-for-gutenberg.php","name":"Spectra"}]},"id-68232":{"title":"Services","featured-image-url":"https:\/\/websitedemos.net\/wp-content\/uploads\/2022\/08\/generic-template-08-services.jpg","thumbnail-image-url":"https:\/\/websitedemos.net\/wp-content\/uploads\/2022\/08\/generic-template-08-services-600x1109.jpg","astra-page-api-url":"https:\/\/websitedemos.net\/generic-template-08\/wp-json\/wp\/v2\/pages\/74","dynamic-page":"no","astra-page-url":"\/\/websitedemos.net\/generic-template-08\/services\/","astra-sites-tag":{"425":"services"},"site-pages-type":"free","site-pages-page-builder":"gutenberg","site-pages-category":[],"site-pages-parent-category":{"61":"free","139":"other"},"required-plugins":[{"slug":"ultimate-addons-for-gutenberg","init":"ultimate-addons-for-gutenberg\/ultimate-addons-for-gutenberg.php","name":"Spectra"}]}},"related-bb-template":"","related-elementor-template":"","related-gutenberg-template":"","related_ecommerce_template":"","ecommerce_parent_template":""},"id-68171":{"title":"Family Lawyer","id":68171,"publish-date":1661266994,"featured-image-url":"https:\/\/websitedemos.net\/wp-content\/uploads\/2022\/08\/family-lawyer-08.jpg","thumbnail-image-url":"https:\/\/websitedemos.net\/wp-content\/uploads\/2022\/08\/family-lawyer-08-600x2896.jpg","fullpage-thumbnail-image-url":"https:\/\/websitedemos.net\/wp-content\/uploads\/2022\/08\/family-lawyer-08-400x1930.jpg","astra-site-url":"\/\/websitedemos.net\/family-lawyer-08","astra-site-parent-id":2893,"astra-sites-tag":[],"astra-sites-type":"free","astra-site-category":{"27":"business","39":"free"},"astra-sites-template-category":[],"astra-site-page-builder":"gutenberg","categories":[],"required-plugins":[{"slug":"ultimate-addons-for-gutenberg","init":"ultimate-addons-for-gutenberg\/ultimate-addons-for-gutenberg.php","name":"Spectra"}],"post-status":"publish","post-content":"","post-excerpt":"","pages":{"id-57306":{"title":"About Us","featured-image-url":"https:\/\/websitedemos.net\/wp-content\/uploads\/2022\/08\/family-lawyer-08-about.jpg","thumbnail-image-url":"https:\/\/websitedemos.net\/wp-content\/uploads\/2022\/08\/family-lawyer-08-about-600x1481.jpg","astra-page-api-url":"https:\/\/websitedemos.net\/family-lawyer-08\/wp-json\/wp\/v2\/pages\/8","dynamic-page":"no","astra-page-url":"\/\/websitedemos.net\/family-lawyer-08\/about-us\/","astra-sites-tag":{"352":"about"},"site-pages-type":"free","site-pages-page-builder":"gutenberg","site-pages-category":[],"site-pages-parent-category":{"60":"business","61":"free"},"required-plugins":[{"slug":"ultimate-addons-for-gutenberg","init":"ultimate-addons-for-gutenberg\/ultimate-addons-for-gutenberg.php","name":"Spectra"}]},"id-57307":{"title":"Contact","featured-image-url":"https:\/\/websitedemos.net\/wp-content\/uploads\/2022\/08\/family-lawyer-08-contact.jpg","thumbnail-image-url":"https:\/\/websitedemos.net\/wp-content\/uploads\/2022\/08\/family-lawyer-08-contact-600x1008.jpg","astra-page-api-url":"https:\/\/websitedemos.net\/family-lawyer-08\/wp-json\/wp\/v2\/pages\/10","dynamic-page":"no","astra-page-url":"\/\/websitedemos.net\/family-lawyer-08\/contact\/","astra-sites-tag":{"415":"contact"},"site-pages-type":"free","site-pages-page-builder":"gutenberg","site-pages-category":[],"site-pages-parent-category":{"60":"business","61":"free"},"required-plugins":[{"slug":"ultimate-addons-for-gutenberg","init":"ultimate-addons-for-gutenberg\/ultimate-addons-for-gutenberg.php","name":"Spectra"}]},"id-57308":{"title":"Home","featured-image-url":"https:\/\/websitedemos.net\/wp-content\/uploads\/2022\/08\/family-lawyer-08.jpg","thumbnail-image-url":"https:\/\/websitedemos.net\/wp-content\/uploads\/2022\/08\/family-lawyer-08-600x2896.jpg","astra-page-api-url":"https:\/\/websitedemos.net\/family-lawyer-08\/wp-json\/wp\/v2\/pages\/6","dynamic-page":"no","astra-page-url":"\/\/websitedemos.net\/family-lawyer-08\/","astra-sites-tag":{"423":"home"},"site-pages-type":"free","site-pages-page-builder":"gutenberg","site-pages-category":[],"site-pages-parent-category":{"60":"business","61":"free"},"required-plugins":[{"slug":"ultimate-addons-for-gutenberg","init":"ultimate-addons-for-gutenberg\/ultimate-addons-for-gutenberg.php","name":"Spectra"}]},"id-57309":{"title":"Practice Areas","featured-image-url":"https:\/\/websitedemos.net\/wp-content\/uploads\/2022\/08\/family-lawyer-08-practice-areas.jpg","thumbnail-image-url":"https:\/\/websitedemos.net\/wp-content\/uploads\/2022\/08\/family-lawyer-08-practice-areas-600x1842.jpg","astra-page-api-url":"https:\/\/websitedemos.net\/family-lawyer-08\/wp-json\/wp\/v2\/pages\/12","dynamic-page":"no","astra-page-url":"\/\/websitedemos.net\/family-lawyer-08\/practice-areas\/","astra-sites-tag":{"707":"practice-area"},"site-pages-type":"free","site-pages-page-builder":"gutenberg","site-pages-category":[],"site-pages-parent-category":{"60":"business","61":"free"},"required-plugins":[{"slug":"ultimate-addons-for-gutenberg","init":"ultimate-addons-for-gutenberg\/ultimate-addons-for-gutenberg.php","name":"Spectra"}]}},"related-bb-template":"","related-elementor-template":"","related-gutenberg-template":"","related_ecommerce_template":"","ecommerce_parent_template":""},"id-68194":{"title":"Charity","id":68194,"publish-date":1661256899,"featured-image-url":"https:\/\/websitedemos.net\/wp-content\/uploads\/2022\/08\/charity-08.jpg","thumbnail-image-url":"https:\/\/websitedemos.net\/wp-content\/uploads\/2022\/08\/charity-08-600x2271.jpg","fullpage-thumbnail-image-url":"https:\/\/websitedemos.net\/wp-content\/uploads\/2022\/08\/charity-08-400x1514.jpg","astra-site-url":"\/\/websitedemos.net\/charity-08","astra-site-parent-id":2896,"astra-sites-tag":{"625":"charity","624":"foundation","626":"giving","977":"non-profit","745":"organization"},"astra-sites-type":"free","astra-site-category":{"39":"free","36":"other"},"astra-sites-template-category":{"2786":"charity-nonprofit","2872":"donation-fundraiser","2871":"ngo"},"astra-site-page-builder":"gutenberg","categories":[],"required-plugins":[{"slug":"give","init":"give\/give.php","name":"Give - Donation Plugin"},{"slug":"ultimate-addons-for-gutenberg","init":"ultimate-addons-for-gutenberg\/ultimate-addons-for-gutenberg.php","name":"Spectra"}],"post-status":"publish","post-content":"","post-excerpt":"","pages":{"id-68195":{"title":"Contact Us","featured-image-url":"https:\/\/websitedemos.net\/wp-content\/uploads\/2022\/08\/charity-08-contact-us.jpg","thumbnail-image-url":"https:\/\/websitedemos.net\/wp-content\/uploads\/2022\/08\/charity-08-contact-us-600x984.jpg","astra-page-api-url":"https:\/\/websitedemos.net\/charity-08\/wp-json\/wp\/v2\/pages\/2123","dynamic-page":"no","astra-page-url":"\/\/websitedemos.net\/charity-08\/contact-us\/","astra-sites-tag":{"415":"contact","454":"contact-us"},"site-pages-type":"free","site-pages-page-builder":"gutenberg","site-pages-category":[],"site-pages-parent-category":{"61":"free","139":"other"},"required-plugins":[{"slug":"ultimate-addons-for-gutenberg","init":"ultimate-addons-for-gutenberg\/ultimate-addons-for-gutenberg.php","name":"Spectra"}]},"id-68196":{"title":"Donate","featured-image-url":"https:\/\/websitedemos.net\/wp-content\/uploads\/2022\/08\/charity-08-donate.jpg","thumbnail-image-url":"https:\/\/websitedemos.net\/wp-content\/uploads\/2022\/08\/charity-08-donate-600x500.jpg","astra-page-api-url":"https:\/\/websitedemos.net\/charity-08\/wp-json\/wp\/v2\/pages\/2125","dynamic-page":"yes","astra-page-url":"\/\/websitedemos.net\/charity-08\/donate\/","astra-sites-tag":{"625":"charity","735":"donate"},"site-pages-type":"free","site-pages-page-builder":"gutenberg","site-pages-category":[],"site-pages-parent-category":{"61":"free","139":"other"},"required-plugins":[{"slug":"give","init":"give\/give.php","name":"Give - Donation Plugin"},{"slug":"ultimate-addons-for-gutenberg","init":"ultimate-addons-for-gutenberg\/ultimate-addons-for-gutenberg.php","name":"Spectra"}]},"id-68197":{"title":"Home","featured-image-url":"https:\/\/websitedemos.net\/wp-content\/uploads\/2022\/08\/charity-08.jpg","thumbnail-image-url":"https:\/\/websitedemos.net\/wp-content\/uploads\/2022\/08\/charity-08-600x2271.jpg","astra-page-api-url":"https:\/\/websitedemos.net\/charity-08\/wp-json\/wp\/v2\/pages\/2114","dynamic-page":"no","astra-page-url":"\/\/websitedemos.net\/charity-08\/","astra-sites-tag":{"423":"home","814":"homepage"},"site-pages-type":"free","site-pages-page-builder":"gutenberg","site-pages-category":[],"site-pages-parent-category":{"61":"free","139":"other"},"required-plugins":[{"slug":"ultimate-addons-for-gutenberg","init":"ultimate-addons-for-gutenberg\/ultimate-addons-for-gutenberg.php","name":"Spectra"}]},"id-68199":{"title":"What We Do","featured-image-url":"https:\/\/websitedemos.net\/wp-content\/uploads\/2022\/08\/charity-08-what-we-do.jpg","thumbnail-image-url":"https:\/\/websitedemos.net\/wp-content\/uploads\/2022\/08\/charity-08-what-we-do-600x1747.jpg","astra-page-api-url":"https:\/\/websitedemos.net\/charity-08\/wp-json\/wp\/v2\/pages\/2117","dynamic-page":"no","astra-page-url":"\/\/websitedemos.net\/charity-08\/who-we-are\/","astra-sites-tag":{"625":"charity","628":"what-we-do"},"site-pages-type":"free","site-pages-page-builder":"gutenberg","site-pages-category":[],"site-pages-parent-category":{"61":"free","139":"other"},"required-plugins":[{"slug":"ultimate-addons-for-gutenberg","init":"ultimate-addons-for-gutenberg\/ultimate-addons-for-gutenberg.php","name":"Spectra"}]},"id-68200":{"title":"Who we are","featured-image-url":"https:\/\/websitedemos.net\/wp-content\/uploads\/2022\/08\/charity-08-who-we-are.jpg","thumbnail-image-url":"https:\/\/websitedemos.net\/wp-content\/uploads\/2022\/08\/charity-08-who-we-are-600x1643.jpg","astra-page-api-url":"https:\/\/websitedemos.net\/charity-08\/wp-json\/wp\/v2\/pages\/2119","dynamic-page":"no","astra-page-url":"\/\/websitedemos.net\/charity-08\/what-we-do\/","astra-sites-tag":{"625":"charity","685":"who-we-are"},"site-pages-type":"free","site-pages-page-builder":"gutenberg","site-pages-category":[],"site-pages-parent-category":{"61":"free","139":"other"},"required-plugins":[{"slug":"ultimate-addons-for-gutenberg","init":"ultimate-addons-for-gutenberg\/ultimate-addons-for-gutenberg.php","name":"Spectra"}]},"id-68198":{"title":"Our Partners","featured-image-url":"https:\/\/websitedemos.net\/wp-content\/uploads\/2022\/08\/charity-08-our-partners.jpg","thumbnail-image-url":"https:\/\/websitedemos.net\/wp-content\/uploads\/2022\/08\/charity-08-our-partners-600x1318.jpg","astra-page-api-url":"https:\/\/websitedemos.net\/charity-08\/wp-json\/wp\/v2\/pages\/2121","dynamic-page":"no","astra-page-url":"\/\/websitedemos.net\/charity-08\/our-partners\/","astra-sites-tag":{"625":"charity","2897":"our-partners","734":"partners"},"site-pages-type":"free","site-pages-page-builder":"gutenberg","site-pages-category":[],"site-pages-parent-category":{"61":"free","139":"other"},"required-plugins":[{"slug":"ultimate-addons-for-gutenberg","init":"ultimate-addons-for-gutenberg\/ultimate-addons-for-gutenberg.php","name":"Spectra"}]}},"related-bb-template":"","related-elementor-template":"","related-gutenberg-template":"","related_ecommerce_template":"","ecommerce_parent_template":""},"id-68177":{"title":"Calligraphy Artist","id":68177,"publish-date":1661254653,"featured-image-url":"https:\/\/websitedemos.net\/wp-content\/uploads\/2022\/08\/calligraphy-artist-08.jpg","thumbnail-image-url":"https:\/\/websitedemos.net\/wp-content\/uploads\/2022\/08\/calligraphy-artist-08-600x2499.jpg","fullpage-thumbnail-image-url":"https:\/\/websitedemos.net\/wp-content\/uploads\/2022\/08\/calligraphy-artist-08-400x1666.jpg","astra-site-url":"\/\/websitedemos.net\/calligraphy-artist-08","astra-site-parent-id":2894,"astra-sites-tag":{"1820":"calligraphy","1826":"characters","1824":"chirography","1821":"handwriting","1825":"pencraft","1823":"script","1827":"style","1822":"writing"},"astra-sites-type":"free","astra-site-category":{"27":"business","39":"free"},"astra-sites-template-category":[],"astra-site-page-builder":"gutenberg","categories":{"2488":"portfolio"},"required-plugins":[{"slug":"ultimate-addons-for-gutenberg","init":"ultimate-addons-for-gutenberg\/ultimate-addons-for-gutenberg.php","name":"Spectra"}],"post-status":"publish","post-content":"","post-excerpt":"","pages":{"id-68178":{"title":"About","featured-image-url":"https:\/\/websitedemos.net\/wp-content\/uploads\/2022\/08\/calligraphy-artist-08-about.jpg","thumbnail-image-url":"https:\/\/websitedemos.net\/wp-content\/uploads\/2022\/08\/calligraphy-artist-08-about-600x1910.jpg","astra-page-api-url":"https:\/\/websitedemos.net\/calligraphy-artist-08\/wp-json\/wp\/v2\/pages\/452","dynamic-page":"no","astra-page-url":"\/\/websitedemos.net\/calligraphy-artist-08\/about\/","astra-sites-tag":{"352":"about"},"site-pages-type":"free","site-pages-page-builder":"gutenberg","site-pages-category":[],"site-pages-parent-category":{"60":"business","61":"free"},"required-plugins":[{"slug":"ultimate-addons-for-gutenberg","init":"ultimate-addons-for-gutenberg\/ultimate-addons-for-gutenberg.php","name":"Spectra"}]},"id-68179":{"title":"Contact","featured-image-url":"https:\/\/websitedemos.net\/wp-content\/uploads\/2022\/08\/calligraphy-artist-08-contact.jpg","thumbnail-image-url":"https:\/\/websitedemos.net\/wp-content\/uploads\/2022\/08\/calligraphy-artist-08-contact-600x898.jpg","astra-page-api-url":"https:\/\/websitedemos.net\/calligraphy-artist-08\/wp-json\/wp\/v2\/pages\/455","dynamic-page":"no","astra-page-url":"\/\/websitedemos.net\/calligraphy-artist-08\/contact\/","astra-sites-tag":{"415":"contact"},"site-pages-type":"free","site-pages-page-builder":"gutenberg","site-pages-category":[],"site-pages-parent-category":{"60":"business","61":"free"},"required-plugins":[{"slug":"ultimate-addons-for-gutenberg","init":"ultimate-addons-for-gutenberg\/ultimate-addons-for-gutenberg.php","name":"Spectra"}]},"id-68180":{"title":"Home","featured-image-url":"https:\/\/websitedemos.net\/wp-content\/uploads\/2022\/08\/calligraphy-artist-08.jpg","thumbnail-image-url":"https:\/\/websitedemos.net\/wp-content\/uploads\/2022\/08\/calligraphy-artist-08-600x2499.jpg","astra-page-api-url":"https:\/\/websitedemos.net\/calligraphy-artist-08\/wp-json\/wp\/v2\/pages\/451","dynamic-page":"no","astra-page-url":"\/\/websitedemos.net\/calligraphy-artist-08\/","astra-sites-tag":{"423":"home","814":"homepage"},"site-pages-type":"free","site-pages-page-builder":"gutenberg","site-pages-category":[],"site-pages-parent-category":{"60":"business","61":"free"},"required-plugins":[{"slug":"ultimate-addons-for-gutenberg","init":"ultimate-addons-for-gutenberg\/ultimate-addons-for-gutenberg.php","name":"Spectra"}]},"id-68181":{"title":"Services","featured-image-url":"https:\/\/websitedemos.net\/wp-content\/uploads\/2022\/08\/calligraphy-artist-08-services.jpg","thumbnail-image-url":"https:\/\/websitedemos.net\/wp-content\/uploads\/2022\/08\/calligraphy-artist-08-services-600x1688.jpg","astra-page-api-url":"https:\/\/websitedemos.net\/calligraphy-artist-08\/wp-json\/wp\/v2\/pages\/454","dynamic-page":"no","astra-page-url":"\/\/websitedemos.net\/calligraphy-artist-08\/services\/","astra-sites-tag":{"1408":"service","425":"services"},"site-pages-type":"free","site-pages-page-builder":"gutenberg","site-pages-category":[],"site-pages-parent-category":{"60":"business","61":"free"},"required-plugins":""},"id-68182":{"title":"Works","featured-image-url":"https:\/\/websitedemos.net\/wp-content\/uploads\/2022\/08\/calligraphy-artist-08-works.jpg","thumbnail-image-url":"https:\/\/websitedemos.net\/wp-content\/uploads\/2022\/08\/calligraphy-artist-08-works-600x2867.jpg","astra-page-api-url":"https:\/\/websitedemos.net\/calligraphy-artist-08\/wp-json\/wp\/v2\/pages\/453","dynamic-page":"no","astra-page-url":"\/\/websitedemos.net\/calligraphy-artist-08\/works\/","astra-sites-tag":{"451":"work","2895":"works"},"site-pages-type":"free","site-pages-page-builder":"gutenberg","site-pages-category":[],"site-pages-parent-category":{"60":"business","61":"free"},"required-plugins":[{"slug":"ultimate-addons-for-gutenberg","init":"ultimate-addons-for-gutenberg\/ultimate-addons-for-gutenberg.php","name":"Spectra"}]}},"related-bb-template":"","related-elementor-template":"","related-gutenberg-template":"","related_ecommerce_template":"","ecommerce_parent_template":""},"id-68139":{"title":"Lotus Spa","id":68139,"publish-date":1661190425,"featured-image-url":"https:\/\/websitedemos.net\/wp-content\/uploads\/2022\/08\/lotus-spa-08.jpg","thumbnail-image-url":"https:\/\/websitedemos.net\/wp-content\/uploads\/2022\/08\/lotus-spa-08-600x3001.jpg","fullpage-thumbnail-image-url":"https:\/\/websitedemos.net\/wp-content\/uploads\/2022\/08\/lotus-spa-08-400x2000.jpg","astra-site-url":"\/\/websitedemos.net\/lotus-spa-08","astra-site-parent-id":2892,"astra-sites-tag":[],"astra-sites-type":"free","astra-site-category":{"27":"business","39":"free"},"astra-sites-template-category":[],"astra-site-page-builder":"gutenberg","categories":[],"required-plugins":[{"slug":"ultimate-addons-for-gutenberg","init":"ultimate-addons-for-gutenberg\/ultimate-addons-for-gutenberg.php","name":"Spectra"}],"post-status":"publish","post-content":"","post-excerpt":"","pages":{"id-68140":{"title":"About","featured-image-url":"https:\/\/websitedemos.net\/wp-content\/uploads\/2022\/08\/lotus-spa-08-about.jpg","thumbnail-image-url":"https:\/\/websitedemos.net\/wp-content\/uploads\/2022\/08\/lotus-spa-08-about-600x2208.jpg","astra-page-api-url":"https:\/\/websitedemos.net\/lotus-spa-08\/wp-json\/wp\/v2\/pages\/760","dynamic-page":"no","astra-page-url":"\/\/websitedemos.net\/lotus-spa-08\/about\/","astra-sites-tag":[],"site-pages-type":"free","site-pages-page-builder":"gutenberg","site-pages-category":[],"site-pages-parent-category":{"60":"business","61":"free"},"required-plugins":[{"slug":"ultimate-addons-for-gutenberg","init":"ultimate-addons-for-gutenberg\/ultimate-addons-for-gutenberg.php","name":"Spectra"}]},"id-68141":{"title":"Contact","featured-image-url":"https:\/\/websitedemos.net\/wp-content\/uploads\/2022\/08\/lotus-spa-08-contact.jpg","thumbnail-image-url":"https:\/\/websitedemos.net\/wp-content\/uploads\/2022\/08\/lotus-spa-08-contact-600x952.jpg","astra-page-api-url":"https:\/\/websitedemos.net\/lotus-spa-08\/wp-json\/wp\/v2\/pages\/764","dynamic-page":"no","astra-page-url":"\/\/websitedemos.net\/lotus-spa-08\/contact\/","astra-sites-tag":[],"site-pages-type":"free","site-pages-page-builder":"gutenberg","site-pages-category":[],"site-pages-parent-category":{"60":"business","61":"free"},"required-plugins":[{"slug":"ultimate-addons-for-gutenberg","init":"ultimate-addons-for-gutenberg\/ultimate-addons-for-gutenberg.php","name":"Spectra"}]},"id-68142":{"title":"Home","featured-image-url":"https:\/\/websitedemos.net\/wp-content\/uploads\/2022\/08\/lotus-spa-08.jpg","thumbnail-image-url":"https:\/\/websitedemos.net\/wp-content\/uploads\/2022\/08\/lotus-spa-08-600x3001.jpg","astra-page-api-url":"https:\/\/websitedemos.net\/lotus-spa-08\/wp-json\/wp\/v2\/pages\/757","dynamic-page":"no","astra-page-url":"\/\/websitedemos.net\/lotus-spa-08\/","astra-sites-tag":[],"site-pages-type":"free","site-pages-page-builder":"gutenberg","site-pages-category":[],"site-pages-parent-category":{"60":"business","61":"free"},"required-plugins":[{"slug":"ultimate-addons-for-gutenberg","init":"ultimate-addons-for-gutenberg\/ultimate-addons-for-gutenberg.php","name":"Spectra"}]},"id-68143":{"title":"Services","featured-image-url":"https:\/\/websitedemos.net\/wp-content\/uploads\/2022\/08\/lotus-spa-08-services.jpg","thumbnail-image-url":"https:\/\/websitedemos.net\/wp-content\/uploads\/2022\/08\/lotus-spa-08-services-600x2570.jpg","astra-page-api-url":"https:\/\/websitedemos.net\/lotus-spa-08\/wp-json\/wp\/v2\/pages\/762","dynamic-page":"no","astra-page-url":"\/\/websitedemos.net\/lotus-spa-08\/services\/","astra-sites-tag":[],"site-pages-type":"free","site-pages-page-builder":"gutenberg","site-pages-category":[],"site-pages-parent-category":{"60":"business","61":"free"},"required-plugins":[{"slug":"ultimate-addons-for-gutenberg","init":"ultimate-addons-for-gutenberg\/ultimate-addons-for-gutenberg.php","name":"Spectra"}]}},"related-bb-template":"","related-elementor-template":"","related-gutenberg-template":"","related_ecommerce_template":"","ecommerce_parent_template":""},"id-68088":{"title":"Flute Artist","id":68088,"publish-date":1660910628,"featured-image-url":"https:\/\/websitedemos.net\/wp-content\/uploads\/2022\/08\/flute-artist-08.jpg","thumbnail-image-url":"https:\/\/websitedemos.net\/wp-content\/uploads\/2022\/08\/flute-artist-08-600x2761.jpg","fullpage-thumbnail-image-url":"https:\/\/websitedemos.net\/wp-content\/uploads\/2022\/08\/flute-artist-08-400x1840.jpg","astra-site-url":"\/\/websitedemos.net\/flute-artist-08","astra-site-parent-id":2891,"astra-sites-tag":{"339":"artist","2438":"flute-artist","2439":"flute-player","2503":"grooved","407":"music","2504":"musical-instrument-player"},"astra-sites-type":"free","astra-site-category":{"27":"business","39":"free"},"astra-sites-template-category":{"2802":"artist"},"astra-site-page-builder":"gutenberg","categories":{"2486":"art-music","2488":"portfolio"},"required-plugins":[{"slug":"ultimate-addons-for-gutenberg","init":"ultimate-addons-for-gutenberg\/ultimate-addons-for-gutenberg.php","name":"Spectra"}],"post-status":"publish","post-content":"<!-- wp:paragraph -->\n<p>The Flute Artist template has been designed to reflect the elegance and classic nature of the instrument and the industry. It\u2019s a very calm layout with sober colors and an instant appeal.<\/p>\n<!-- \/wp:paragraph -->\n\n<!-- wp:paragraph -->\n<p>The homepage begins dark and quickly opens out to include lots of white space, modern, elegant fonts and lots of imagery to set the scene. There are also options to include video and audio clips, a biography page, portfolio page and contact form.<\/p>\n<!-- \/wp:paragraph -->\n\n<!-- wp:heading -->\n<h2>Key features of the Flute Artist template<\/h2>\n<!-- \/wp:heading -->\n\n<!-- wp:list -->\n<ul><!-- wp:list-item -->\n<li>Flexible portfolio website for musicians<\/li>\n<!-- \/wp:list-item -->\n\n<!-- wp:list-item -->\n<li>Elegant design ideal for the niche<\/li>\n<!-- \/wp:list-item -->\n\n<!-- wp:list-item -->\n<li>Includes the option to add audio and video<\/li>\n<!-- \/wp:list-item -->\n\n<!-- wp:list-item -->\n<li>Dedicated portfolio and contact page<\/li>\n<!-- \/wp:list-item -->\n\n<!-- wp:list-item -->\n<li>Flexible layout that can be fully customized<\/li>\n<!-- \/wp:list-item -->\n\n<!-- wp:list-item -->\n<li>Page builder compatible for ease of use<\/li>\n<!-- \/wp:list-item --><\/ul>\n<!-- \/wp:list -->","post-excerpt":"The Flute Artist template has been designed to reflect the elegance and classic nature of the instrument and the industry. It\u2019s a very calm layout with sober colors and an instant appeal. The homepage begins dark and quickly opens out to include lots of white space, modern, elegant fonts and lots of imagery to set &hellip;<p class=\"read-more\"> <a class=\"\" href=\"\">  Read More &raquo;<\/a><\/p>","pages":{"id-59104":{"title":"Contact","featured-image-url":"https:\/\/websitedemos.net\/wp-content\/uploads\/2022\/08\/flute-artist-08-contact.jpg","thumbnail-image-url":"https:\/\/websitedemos.net\/wp-content\/uploads\/2022\/08\/flute-artist-08-contact-600x890.jpg","astra-page-api-url":"https:\/\/websitedemos.net\/flute-artist-08\/wp-json\/wp\/v2\/pages\/656","dynamic-page":"no","astra-page-url":"\/\/websitedemos.net\/flute-artist-08\/contact\/","astra-sites-tag":{"415":"contact"},"site-pages-type":"free","site-pages-page-builder":"gutenberg","site-pages-category":[],"site-pages-parent-category":{"60":"business","61":"free"},"required-plugins":[{"slug":"ultimate-addons-for-gutenberg","init":"ultimate-addons-for-gutenberg\/ultimate-addons-for-gutenberg.php","name":"Spectra"}]},"id-59105":{"title":"Gallery","featured-image-url":"https:\/\/websitedemos.net\/wp-content\/uploads\/2022\/08\/flute-artist-08-gallery.jpg","thumbnail-image-url":"https:\/\/websitedemos.net\/wp-content\/uploads\/2022\/08\/flute-artist-08-gallery-600x2369.jpg","astra-page-api-url":"https:\/\/websitedemos.net\/flute-artist-08\/wp-json\/wp\/v2\/pages\/654","dynamic-page":"no","astra-page-url":"\/\/websitedemos.net\/flute-artist-08\/gallery\/","astra-sites-tag":{"461":"gallery"},"site-pages-type":"free","site-pages-page-builder":"gutenberg","site-pages-category":[],"site-pages-parent-category":{"60":"business","61":"free"},"required-plugins":[{"slug":"ultimate-addons-for-gutenberg","init":"ultimate-addons-for-gutenberg\/ultimate-addons-for-gutenberg.php","name":"Spectra"}]},"id-59106":{"title":"Home","featured-image-url":"https:\/\/websitedemos.net\/wp-content\/uploads\/2022\/08\/flute-artist-08.jpg","thumbnail-image-url":"https:\/\/websitedemos.net\/wp-content\/uploads\/2022\/08\/flute-artist-08-600x2761.jpg","astra-page-api-url":"https:\/\/websitedemos.net\/flute-artist-08\/wp-json\/wp\/v2\/pages\/650","dynamic-page":"no","astra-page-url":"\/\/websitedemos.net\/flute-artist-08\/","astra-sites-tag":{"423":"home"},"site-pages-type":"free","site-pages-page-builder":"gutenberg","site-pages-category":[],"site-pages-parent-category":{"60":"business","61":"free"},"required-plugins":[{"slug":"ultimate-addons-for-gutenberg","init":"ultimate-addons-for-gutenberg\/ultimate-addons-for-gutenberg.php","name":"Spectra"}]},"id-59103":{"title":"Biography","featured-image-url":"https:\/\/websitedemos.net\/wp-content\/uploads\/2022\/08\/flute-artist-08-biography.jpg","thumbnail-image-url":"https:\/\/websitedemos.net\/wp-content\/uploads\/2022\/08\/flute-artist-08-biography-600x1848.jpg","astra-page-api-url":"https:\/\/websitedemos.net\/flute-artist-08\/wp-json\/wp\/v2\/pages\/652","dynamic-page":"no","astra-page-url":"\/\/websitedemos.net\/flute-artist-08\/biography\/","astra-sites-tag":{"1566":"biography"},"site-pages-type":"free","site-pages-page-builder":"gutenberg","site-pages-category":[],"site-pages-parent-category":{"60":"business","61":"free"},"required-plugins":[{"slug":"ultimate-addons-for-gutenberg","init":"ultimate-addons-for-gutenberg\/ultimate-addons-for-gutenberg.php","name":"Spectra"}]}},"related-bb-template":"","related-elementor-template":"","related-gutenberg-template":"","related_ecommerce_template":"","ecommerce_parent_template":""},"id-59655":{"title":"Chartered Accountant","id":59655,"publish-date":1656964003,"featured-image-url":"https:\/\/websitedemos.net\/wp-content\/uploads\/2022\/03\/charter-accountant-01.jpg","thumbnail-image-url":"https:\/\/websitedemos.net\/wp-content\/uploads\/2022\/03\/charter-accountant-01-600x2204.jpg","fullpage-thumbnail-image-url":"https:\/\/websitedemos.net\/wp-content\/uploads\/2022\/03\/charter-accountant-01-400x1469.jpg","astra-site-url":"\/\/websitedemos.net\/accountant-01","astra-site-parent-id":2648,"astra-sites-tag":{"447":"accountant","449":"chartered-accountant","2254":"finance-and-accounting"},"astra-sites-type":"free","astra-site-category":{"27":"business","39":"free"},"astra-sites-template-category":[],"astra-site-page-builder":"beaver-builder","categories":{"2481":"finance-service"},"required-plugins":[{"slug":"beaver-builder-lite-version","init":"beaver-builder-lite-version\/fl-builder.php","name":"Beaver Builder Plugin (Lite Version)"},{"slug":"ultimate-addons-for-beaver-builder-lite","init":"ultimate-addons-for-beaver-builder-lite\/bb-ultimate-addon.php","name":"Ultimate Addons for Beaver Builder - Lite"},{"slug":"wpforms-lite","init":"wpforms-lite\/wpforms.php","name":"WPForms Lite"}],"post-status":"publish","post-content":"","post-excerpt":"","pages":{"id-59657":{"title":"Contact","featured-image-url":"https:\/\/websitedemos.net\/wp-content\/uploads\/2022\/03\/charter-accountant-01-contant.jpg","thumbnail-image-url":"https:\/\/websitedemos.net\/wp-content\/uploads\/2022\/03\/charter-accountant-01-contant-600x889.jpg","astra-page-api-url":"https:\/\/websitedemos.net\/accountant-01\/wp-json\/wp\/v2\/pages\/637","dynamic-page":"no","astra-page-url":"\/\/websitedemos.net\/accountant-01\/contact\/","astra-sites-tag":[],"site-pages-type":"free","site-pages-page-builder":"beaver-builder","site-pages-category":[],"site-pages-parent-category":{"60":"business","61":"free"},"required-plugins":[{"slug":"beaver-builder-lite-version","init":"beaver-builder-lite-version\/fl-builder.php","name":"Beaver Builder Plugin (Lite Version)"},{"slug":"ultimate-addons-for-beaver-builder-lite","init":"ultimate-addons-for-beaver-builder-lite\/bb-ultimate-addon.php","name":"Ultimate Addons for Beaver Builder - Lite"},{"slug":"wpforms-lite","init":"wpforms-lite\/wpforms.php","name":"WPForms Lite"}]},"id-59658":{"title":"Home","featured-image-url":"https:\/\/websitedemos.net\/wp-content\/uploads\/2022\/03\/charter-accountant-01.jpg","thumbnail-image-url":"https:\/\/websitedemos.net\/wp-content\/uploads\/2022\/03\/charter-accountant-01-600x2204.jpg","astra-page-api-url":"https:\/\/websitedemos.net\/accountant-01\/wp-json\/wp\/v2\/pages\/632","dynamic-page":"no","astra-page-url":"\/\/websitedemos.net\/accountant-01\/","astra-sites-tag":[],"site-pages-type":"free","site-pages-page-builder":"beaver-builder","site-pages-category":[],"site-pages-parent-category":{"60":"business","61":"free"},"required-plugins":[{"slug":"beaver-builder-lite-version","init":"beaver-builder-lite-version\/fl-builder.php","name":"Beaver Builder Plugin (Lite Version)"},{"slug":"ultimate-addons-for-beaver-builder-lite","init":"ultimate-addons-for-beaver-builder-lite\/bb-ultimate-addon.php","name":"Ultimate Addons for Beaver Builder - Lite"},{"slug":"wpforms-lite","init":"wpforms-lite\/wpforms.php","name":"WPForms Lite"}]},"id-59656":{"title":"About","featured-image-url":"https:\/\/websitedemos.net\/wp-content\/uploads\/2022\/03\/charter-accountant-01-about.jpg","thumbnail-image-url":"https:\/\/websitedemos.net\/wp-content\/uploads\/2022\/03\/charter-accountant-01-about-600x1078.jpg","astra-page-api-url":"https:\/\/websitedemos.net\/accountant-01\/wp-json\/wp\/v2\/pages\/633","dynamic-page":"no","astra-page-url":"\/\/websitedemos.net\/accountant-01\/about\/","astra-sites-tag":[],"site-pages-type":"free","site-pages-page-builder":"beaver-builder","site-pages-category":[],"site-pages-parent-category":{"60":"business","61":"free"},"required-plugins":[{"slug":"beaver-builder-lite-version","init":"beaver-builder-lite-version\/fl-builder.php","name":"Beaver Builder Plugin (Lite Version)"},{"slug":"ultimate-addons-for-beaver-builder-lite","init":"ultimate-addons-for-beaver-builder-lite\/bb-ultimate-addon.php","name":"Ultimate Addons for Beaver Builder - Lite"}]},"id-59659":{"title":"Services","featured-image-url":"https:\/\/websitedemos.net\/wp-content\/uploads\/2022\/03\/charter-accountant-01-services.jpg","thumbnail-image-url":"https:\/\/websitedemos.net\/wp-content\/uploads\/2022\/03\/charter-accountant-01-services-600x1226.jpg","astra-page-api-url":"https:\/\/websitedemos.net\/accountant-01\/wp-json\/wp\/v2\/pages\/634","dynamic-page":"no","astra-page-url":"\/\/websitedemos.net\/accountant-01\/services\/","astra-sites-tag":[],"site-pages-type":"free","site-pages-page-builder":"beaver-builder","site-pages-category":[],"site-pages-parent-category":{"60":"business","61":"free"},"required-plugins":[{"slug":"beaver-builder-lite-version","init":"beaver-builder-lite-version\/fl-builder.php","name":"Beaver Builder Plugin (Lite Version)"},{"slug":"ultimate-addons-for-beaver-builder-lite","init":"ultimate-addons-for-beaver-builder-lite\/bb-ultimate-addon.php","name":"Ultimate Addons for Beaver Builder - Lite"}]},"id-59660":{"title":"Testimonials","featured-image-url":"https:\/\/websitedemos.net\/wp-content\/uploads\/2022\/03\/charter-accountant-01-testimonials.jpg","thumbnail-image-url":"https:\/\/websitedemos.net\/wp-content\/uploads\/2022\/03\/charter-accountant-01-testimonials-600x1223.jpg","astra-page-api-url":"https:\/\/websitedemos.net\/accountant-01\/wp-json\/wp\/v2\/pages\/636","dynamic-page":"no","astra-page-url":"\/\/websitedemos.net\/accountant-01\/testimonials\/","astra-sites-tag":[],"site-pages-type":"free","site-pages-page-builder":"beaver-builder","site-pages-category":[],"site-pages-parent-category":{"60":"business","61":"free"},"required-plugins":[{"slug":"beaver-builder-lite-version","init":"beaver-builder-lite-version\/fl-builder.php","name":"Beaver Builder Plugin (Lite Version)"},{"slug":"ultimate-addons-for-beaver-builder-lite","init":"ultimate-addons-for-beaver-builder-lite\/bb-ultimate-addon.php","name":"Ultimate Addons for Beaver Builder - Lite"}]},"id-59661":{"title":"Why choose me","featured-image-url":"https:\/\/websitedemos.net\/wp-content\/uploads\/2022\/03\/charter-accountant-01-choose.jpg","thumbnail-image-url":"https:\/\/websitedemos.net\/wp-content\/uploads\/2022\/03\/charter-accountant-01-choose-600x965.jpg","astra-page-api-url":"https:\/\/websitedemos.net\/accountant-01\/wp-json\/wp\/v2\/pages\/635","dynamic-page":"no","astra-page-url":"\/\/websitedemos.net\/accountant-01\/why-choose-me\/","astra-sites-tag":[],"site-pages-type":"free","site-pages-page-builder":"beaver-builder","site-pages-category":[],"site-pages-parent-category":{"60":"business","61":"free"},"required-plugins":[{"slug":"beaver-builder-lite-version","init":"beaver-builder-lite-version\/fl-builder.php","name":"Beaver Builder Plugin (Lite Version)"},{"slug":"ultimate-addons-for-beaver-builder-lite","init":"ultimate-addons-for-beaver-builder-lite\/bb-ultimate-addon.php","name":"Ultimate Addons for Beaver Builder - Lite"}]}},"related-bb-template":"","related-elementor-template":"","related-gutenberg-template":"","related_ecommerce_template":"","ecommerce_parent_template":""},"id-60418":{"title":"Visual Artist Portfolio","id":60418,"publish-date":1701884774,"featured-image-url":"https:\/\/websitedemos.net\/wp-content\/uploads\/2022\/04\/visual-artist-portfolio-02.jpg","thumbnail-image-url":"https:\/\/websitedemos.net\/wp-content\/uploads\/2022\/04\/visual-artist-portfolio-02-600x3714.jpg","fullpage-thumbnail-image-url":"https:\/\/websitedemos.net\/wp-content\/uploads\/2022\/04\/visual-artist-portfolio-02-400x2476.jpg","astra-site-url":"\/\/websitedemos.net\/visual-artist-portfolio-02","astra-site-parent-id":2725,"astra-sites-tag":{"2728":"art-director","339":"artist","2299":"artist-portfolio","2730":"brand-experience","2731":"motion-design","2726":"visual-artist","2727":"visual-designer","2729":"visual-identity"},"astra-sites-type":"free","astra-site-category":{"39":"free","36":"other"},"astra-sites-template-category":[],"astra-site-page-builder":"elementor","categories":{"2488":"portfolio"},"required-plugins":[{"slug":"elementor","init":"elementor\/elementor.php","name":"Elementor"},{"slug":"wpforms-lite","init":"wpforms-lite\/wpforms.php","name":"WPForms Lite"}],"post-status":"publish","post-content":"","post-excerpt":"","pages":{"id-60419":{"title":"Contact","featured-image-url":"https:\/\/websitedemos.net\/wp-content\/uploads\/2022\/04\/visual-artist-portfolio-contact-02.jpg","thumbnail-image-url":"https:\/\/websitedemos.net\/wp-content\/uploads\/2022\/04\/visual-artist-portfolio-contact-02-600x869.jpg","astra-page-api-url":"https:\/\/websitedemos.net\/visual-artist-portfolio-02\/wp-json\/wp\/v2\/pages\/389","dynamic-page":"no","astra-page-url":"\/\/websitedemos.net\/visual-artist-portfolio-02\/contact\/","astra-sites-tag":{"2728":"art-director","2730":"brand-experience","415":"contact","1009":"contact-me","670":"designer","2350":"designer-cloths-store","2731":"motion-design","2726":"visual-artist","2727":"visual-designer","2729":"visual-identity"},"site-pages-type":"free","site-pages-page-builder":"elementor","site-pages-category":[],"site-pages-parent-category":{"61":"free","139":"other"},"required-plugins":[{"slug":"elementor","init":"elementor\/elementor.php","name":"Elementor"},{"slug":"wpforms-lite","init":"wpforms-lite\/wpforms.php","name":"WPForms Lite"}]},"id-60421":{"title":"Work","featured-image-url":"https:\/\/websitedemos.net\/wp-content\/uploads\/2022\/04\/visual-artist-portfolio-work-02.jpg","thumbnail-image-url":"https:\/\/websitedemos.net\/wp-content\/uploads\/2022\/04\/visual-artist-portfolio-work-02-600x2096.jpg","astra-page-api-url":"https:\/\/websitedemos.net\/visual-artist-portfolio-02\/wp-json\/wp\/v2\/pages\/349","dynamic-page":"no","astra-page-url":"\/\/websitedemos.net\/visual-artist-portfolio-02\/works\/","astra-sites-tag":{"2728":"art-director","2730":"brand-experience","670":"designer","2350":"designer-cloths-store","2731":"motion-design","2726":"visual-artist","2727":"visual-designer","2729":"visual-identity","451":"work","784":"work-with-me"},"site-pages-type":"free","site-pages-page-builder":"elementor","site-pages-category":[],"site-pages-parent-category":{"61":"free","139":"other"},"required-plugins":[{"slug":"elementor","init":"elementor\/elementor.php","name":"Elementor"}]},"id-60420":{"title":"Home","featured-image-url":"https:\/\/websitedemos.net\/wp-content\/uploads\/2022\/04\/visual-artist-portfolio-02.jpg","thumbnail-image-url":"https:\/\/websitedemos.net\/wp-content\/uploads\/2022\/04\/visual-artist-portfolio-02-600x3714.jpg","astra-page-api-url":"https:\/\/websitedemos.net\/visual-artist-portfolio-02\/wp-json\/wp\/v2\/pages\/5","dynamic-page":"no","astra-page-url":"\/\/websitedemos.net\/visual-artist-portfolio-02\/","astra-sites-tag":{"2728":"art-director","2730":"brand-experience","670":"designer","2350":"designer-cloths-store","423":"home","814":"homepage","2731":"motion-design","2726":"visual-artist","2727":"visual-designer","2729":"visual-identity"},"site-pages-type":"free","site-pages-page-builder":"elementor","site-pages-category":[],"site-pages-parent-category":{"61":"free","139":"other"},"required-plugins":[{"slug":"elementor","init":"elementor\/elementor.php","name":"Elementor"}]}},"related-bb-template":"","related-elementor-template":"","related-gutenberg-template":"","related_ecommerce_template":"","ecommerce_parent_template":""},"id-60407":{"title":"Digital Download Store","id":60407,"publish-date":1701885694,"featured-image-url":"https:\/\/websitedemos.net\/wp-content\/uploads\/2022\/04\/digital-download-store-02.jpg","thumbnail-image-url":"https:\/\/websitedemos.net\/wp-content\/uploads\/2022\/04\/digital-download-store-02-600x4132.jpg","fullpage-thumbnail-image-url":"https:\/\/websitedemos.net\/wp-content\/uploads\/2022\/04\/digital-download-store-02-400x2754.jpg","astra-site-url":"\/\/websitedemos.net\/digital-download-store-02","astra-site-parent-id":2719,"astra-sites-tag":{"2720":"digital","2724":"digital-download","496":"ecommerce","1817":"ecommerce-store","383":"online-store","2722":"plugin","967":"product-store","749":"store","2721":"theme","2723":"wordpress"},"astra-sites-type":"free","astra-site-category":{"38":"ecommerce","39":"free"},"astra-sites-template-category":[],"astra-site-page-builder":"elementor","categories":{"2495":"ecommerce"},"required-plugins":[{"slug":"easy-digital-downloads","init":"easy-digital-downloads\/easy-digital-downloads.php","name":"Easy Digital Downloads"},{"slug":"elementor","init":"elementor\/elementor.php","name":"Elementor"},{"slug":"wpforms-lite","init":"wpforms-lite\/wpforms.php","name":"WPForms Lite"}],"post-status":"publish","post-content":"","post-excerpt":"","pages":{"id-60410":{"title":"Home","featured-image-url":"https:\/\/websitedemos.net\/wp-content\/uploads\/2022\/04\/digital-download-store-02.jpg","thumbnail-image-url":"https:\/\/websitedemos.net\/wp-content\/uploads\/2022\/04\/digital-download-store-02-600x4132.jpg","astra-page-api-url":"https:\/\/websitedemos.net\/digital-download-store-02\/wp-json\/wp\/v2\/pages\/49","dynamic-page":"yes","astra-page-url":"\/\/websitedemos.net\/digital-download-store-02\/","astra-sites-tag":{"2720":"digital","2724":"digital-download","664":"digital-services","496":"ecommerce","1817":"ecommerce-store","423":"home","814":"homepage","383":"online-store","2722":"plugin","967":"product-store","749":"store","2721":"theme","2723":"wordpress"},"site-pages-type":"free","site-pages-page-builder":"elementor","site-pages-category":[],"site-pages-parent-category":{"64":"ecommerce","61":"free"},"required-plugins":[{"slug":"easy-digital-downloads","init":"easy-digital-downloads\/easy-digital-downloads.php","name":"Easy Digital Downloads"},{"slug":"elementor","init":"elementor\/elementor.php","name":"Elementor"}]},"id-60409":{"title":"Contact","featured-image-url":"https:\/\/websitedemos.net\/wp-content\/uploads\/2022\/04\/digital-download-store-contact-02.jpg","thumbnail-image-url":"https:\/\/websitedemos.net\/wp-content\/uploads\/2022\/04\/digital-download-store-contact-02-600x1290.jpg","astra-page-api-url":"https:\/\/websitedemos.net\/digital-download-store-02\/wp-json\/wp\/v2\/pages\/682","dynamic-page":"no","astra-page-url":"\/\/websitedemos.net\/digital-download-store-02\/contact\/","astra-sites-tag":{"415":"contact","454":"contact-us","2720":"digital","2724":"digital-download","664":"digital-services","496":"ecommerce","1817":"ecommerce-store","383":"online-store","2722":"plugin","967":"product-store","749":"store","2721":"theme","2723":"wordpress"},"site-pages-type":"free","site-pages-page-builder":"elementor","site-pages-category":[],"site-pages-parent-category":{"64":"ecommerce","61":"free"},"required-plugins":[{"slug":"elementor","init":"elementor\/elementor.php","name":"Elementor"},{"slug":"wpforms-lite","init":"wpforms-lite\/wpforms.php","name":"WPForms Lite"}]},"id-60408":{"title":"About","featured-image-url":"https:\/\/websitedemos.net\/wp-content\/uploads\/2022\/04\/digital-download-store-about-02.jpg","thumbnail-image-url":"https:\/\/websitedemos.net\/wp-content\/uploads\/2022\/04\/digital-download-store-about-02-600x2112.jpg","astra-page-api-url":"https:\/\/websitedemos.net\/digital-download-store-02\/wp-json\/wp\/v2\/pages\/550","dynamic-page":"no","astra-page-url":"\/\/websitedemos.net\/digital-download-store-02\/about\/","astra-sites-tag":{"352":"about","455":"about-us","2720":"digital","2724":"digital-download","664":"digital-services","496":"ecommerce","1817":"ecommerce-store","383":"online-store","2722":"plugin","967":"product-store","749":"store","2721":"theme","628":"what-we-do","1542":"what-we-offer","2723":"wordpress"},"site-pages-type":"free","site-pages-page-builder":"elementor","site-pages-category":[],"site-pages-parent-category":{"64":"ecommerce","61":"free"},"required-plugins":[{"slug":"elementor","init":"elementor\/elementor.php","name":"Elementor"}]}},"related-bb-template":"","related-elementor-template":"","related-gutenberg-template":"","related_ecommerce_template":"","ecommerce_parent_template":""},"id-60361":{"title":"Home and Garden Decor","id":60361,"publish-date":1700650547,"featured-image-url":"https:\/\/websitedemos.net\/wp-content\/uploads\/2022\/04\/home-garden-decor-02.jpg","thumbnail-image-url":"https:\/\/websitedemos.net\/wp-content\/uploads\/2022\/04\/home-garden-decor-02-600x2687.jpg","fullpage-thumbnail-image-url":"https:\/\/websitedemos.net\/wp-content\/uploads\/2022\/04\/home-garden-decor-02-400x1791.jpg","astra-site-url":"\/\/websitedemos.net\/home-garden-decor-02","astra-site-parent-id":2704,"astra-sites-tag":{"496":"ecommerce","1817":"ecommerce-store","416":"garden-care","421":"garden-maintenance","420":"gardening","423":"home","862":"home-decor"},"astra-sites-type":"free","astra-site-category":{"38":"ecommerce","39":"free"},"astra-sites-template-category":[],"astra-site-page-builder":"elementor","categories":{"2495":"ecommerce","2476":"gardening"},"required-plugins":[{"slug":"elementor","init":"elementor\/elementor.php","name":"Elementor"},{"slug":"woocommerce","init":"woocommerce\/woocommerce.php","name":"WooCommerce"},{"slug":"wpforms-lite","init":"wpforms-lite\/wpforms.php","name":"WPForms Lite"}],"post-status":"publish","post-content":"","post-excerpt":"","pages":{"id-60364":{"title":"Home","featured-image-url":"https:\/\/websitedemos.net\/wp-content\/uploads\/2022\/04\/home-garden-decor-02-1.jpg","thumbnail-image-url":"https:\/\/websitedemos.net\/wp-content\/uploads\/2022\/04\/home-garden-decor-02-1-600x2687.jpg","astra-page-api-url":"https:\/\/websitedemos.net\/home-garden-decor-02\/wp-json\/wp\/v2\/pages\/13","dynamic-page":"yes","astra-page-url":"\/\/websitedemos.net\/home-garden-decor-02\/","astra-sites-tag":{"496":"ecommerce","416":"garden-care","420":"gardening","2705":"gardening-plants","423":"home","862":"home-decor"},"site-pages-type":"free","site-pages-page-builder":"elementor","site-pages-category":[],"site-pages-parent-category":{"64":"ecommerce","61":"free"},"required-plugins":[{"slug":"elementor","init":"elementor\/elementor.php","name":"Elementor"},{"slug":"woocommerce","init":"woocommerce\/woocommerce.php","name":"WooCommerce"}]},"id-60362":{"title":"About","featured-image-url":"https:\/\/websitedemos.net\/wp-content\/uploads\/2022\/04\/home-garden-decor-02-about.jpg","thumbnail-image-url":"https:\/\/websitedemos.net\/wp-content\/uploads\/2022\/04\/home-garden-decor-02-about-600x1274.jpg","astra-page-api-url":"https:\/\/websitedemos.net\/home-garden-decor-02\/wp-json\/wp\/v2\/pages\/103","dynamic-page":"no","astra-page-url":"\/\/websitedemos.net\/home-garden-decor-02\/about\/","astra-sites-tag":{"352":"about","455":"about-us","496":"ecommerce","420":"gardening","862":"home-decor","1024":"woocommerce"},"site-pages-type":"free","site-pages-page-builder":"elementor","site-pages-category":[],"site-pages-parent-category":{"64":"ecommerce","61":"free"},"required-plugins":[{"slug":"elementor","init":"elementor\/elementor.php","name":"Elementor"}]},"id-60363":{"title":"Contact","featured-image-url":"https:\/\/websitedemos.net\/wp-content\/uploads\/2022\/04\/home-garden-decor-02-contact.jpg","thumbnail-image-url":"https:\/\/websitedemos.net\/wp-content\/uploads\/2022\/04\/home-garden-decor-02-contact-600x744.jpg","astra-page-api-url":"https:\/\/websitedemos.net\/home-garden-decor-02\/wp-json\/wp\/v2\/pages\/108","dynamic-page":"no","astra-page-url":"\/\/websitedemos.net\/home-garden-decor-02\/contact\/","astra-sites-tag":{"415":"contact","454":"contact-us","496":"ecommerce","416":"garden-care","420":"gardening","862":"home-decor"},"site-pages-type":"free","site-pages-page-builder":"elementor","site-pages-category":[],"site-pages-parent-category":{"64":"ecommerce","61":"free"},"required-plugins":[{"slug":"elementor","init":"elementor\/elementor.php","name":"Elementor"},{"slug":"wpforms-lite","init":"wpforms-lite\/wpforms.php","name":"WPForms Lite"}]}},"related-bb-template":"","related-elementor-template":"","related-gutenberg-template":"","related_ecommerce_template":"","ecommerce_parent_template":""},"id-59803":{"title":"Ayurvedic Products","id":59803,"publish-date":1661245799,"featured-image-url":"https:\/\/websitedemos.net\/wp-content\/uploads\/2022\/08\/ayurveda-08.jpg","thumbnail-image-url":"https:\/\/websitedemos.net\/wp-content\/uploads\/2022\/08\/ayurveda-08-600x2964.jpg","fullpage-thumbnail-image-url":"https:\/\/websitedemos.net\/wp-content\/uploads\/2022\/08\/ayurveda-08-400x1976.jpg","astra-site-url":"\/\/websitedemos.net\/ayurveda-08","astra-site-parent-id":2658,"astra-sites-tag":{"2650":"ayurveda","618":"ayurvedic","2643":"ayurvedic-treatment","496":"ecommerce","1817":"ecommerce-store"},"astra-sites-type":"free","astra-site-category":{"38":"ecommerce","39":"free"},"astra-sites-template-category":[],"astra-site-page-builder":"gutenberg","categories":{"2495":"ecommerce"},"required-plugins":[{"slug":"ultimate-addons-for-gutenberg","init":"ultimate-addons-for-gutenberg\/ultimate-addons-for-gutenberg.php","name":"Spectra"},{"slug":"woocommerce","init":"woocommerce\/woocommerce.php","name":"WooCommerce"}],"post-status":"publish","post-content":"","post-excerpt":"","pages":{"id-59804":{"title":"About","featured-image-url":"https:\/\/websitedemos.net\/wp-content\/uploads\/2022\/08\/ayurveda-08-about.jpg","thumbnail-image-url":"https:\/\/websitedemos.net\/wp-content\/uploads\/2022\/08\/ayurveda-08-about-600x2203.jpg","astra-page-api-url":"https:\/\/websitedemos.net\/ayurveda-08\/wp-json\/wp\/v2\/pages\/329","dynamic-page":"no","astra-page-url":"\/\/websitedemos.net\/ayurveda-08\/about\/","astra-sites-tag":[],"site-pages-type":"free","site-pages-page-builder":"gutenberg","site-pages-category":[],"site-pages-parent-category":{"64":"ecommerce","61":"free"},"required-plugins":[{"slug":"ultimate-addons-for-gutenberg","init":"ultimate-addons-for-gutenberg\/ultimate-addons-for-gutenberg.php","name":"Spectra"}]},"id-59805":{"title":"Contact","featured-image-url":"https:\/\/websitedemos.net\/wp-content\/uploads\/2022\/08\/ayurveda-08-contact.jpg","thumbnail-image-url":"https:\/\/websitedemos.net\/wp-content\/uploads\/2022\/08\/ayurveda-08-contact-600x796.jpg","astra-page-api-url":"https:\/\/websitedemos.net\/ayurveda-08\/wp-json\/wp\/v2\/pages\/331","dynamic-page":"no","astra-page-url":"\/\/websitedemos.net\/ayurveda-08\/contact\/","astra-sites-tag":[],"site-pages-type":"free","site-pages-page-builder":"gutenberg","site-pages-category":[],"site-pages-parent-category":{"64":"ecommerce","61":"free"},"required-plugins":[{"slug":"ultimate-addons-for-gutenberg","init":"ultimate-addons-for-gutenberg\/ultimate-addons-for-gutenberg.php","name":"Spectra"}]},"id-59806":{"title":"Home","featured-image-url":"https:\/\/websitedemos.net\/wp-content\/uploads\/2022\/08\/ayurveda-08.jpg","thumbnail-image-url":"https:\/\/websitedemos.net\/wp-content\/uploads\/2022\/08\/ayurveda-08-600x2964.jpg","astra-page-api-url":"https:\/\/websitedemos.net\/ayurveda-08\/wp-json\/wp\/v2\/pages\/326","dynamic-page":"no","astra-page-url":"\/\/websitedemos.net\/ayurveda-08\/","astra-sites-tag":[],"site-pages-type":"free","site-pages-page-builder":"gutenberg","site-pages-category":[],"site-pages-parent-category":{"64":"ecommerce","61":"free"},"required-plugins":[{"slug":"ultimate-addons-for-gutenberg","init":"ultimate-addons-for-gutenberg\/ultimate-addons-for-gutenberg.php","name":"Spectra"},{"slug":"woocommerce","init":"woocommerce\/woocommerce.php","name":"WooCommerce"}]}},"related-bb-template":"","related-elementor-template":"","related-gutenberg-template":"","related_ecommerce_template":"","ecommerce_parent_template":""},"id-59789":{"title":"Book Store","id":59789,"publish-date":1661251526,"featured-image-url":"https:\/\/websitedemos.net\/wp-content\/uploads\/2022\/08\/book-store-08.jpg","thumbnail-image-url":"https:\/\/websitedemos.net\/wp-content\/uploads\/2022\/08\/book-store-08-600x2546.jpg","fullpage-thumbnail-image-url":"https:\/\/websitedemos.net\/wp-content\/uploads\/2022\/08\/book-store-08-400x1697.jpg","astra-site-url":"\/\/websitedemos.net\/book-store-08","astra-site-parent-id":2657,"astra-sites-tag":{"724":"author","2355":"author-book-store","2354":"author-portfolio","2353":"book-writer","2352":"books-store","496":"ecommerce","383":"online-store","1024":"woocommerce"},"astra-sites-type":"free","astra-site-category":{"38":"ecommerce","39":"free"},"astra-sites-template-category":[],"astra-site-page-builder":"gutenberg","categories":{"2495":"ecommerce"},"required-plugins":[{"slug":"ultimate-addons-for-gutenberg","init":"ultimate-addons-for-gutenberg\/ultimate-addons-for-gutenberg.php","name":"Spectra"},{"slug":"woocommerce","init":"woocommerce\/woocommerce.php","name":"WooCommerce"}],"post-status":"publish","post-content":"","post-excerpt":"","pages":{"id-59791":{"title":"Books","featured-image-url":"https:\/\/websitedemos.net\/wp-content\/uploads\/2022\/08\/book-store-08-books.jpg","thumbnail-image-url":"https:\/\/websitedemos.net\/wp-content\/uploads\/2022\/08\/book-store-08-books-600x1400.jpg","astra-page-api-url":"https:\/\/websitedemos.net\/book-store-08\/wp-json\/wp\/v2\/pages\/10","dynamic-page":"yes","astra-page-url":"\/\/websitedemos.net\/book-store-08\/books\/","astra-sites-tag":[],"site-pages-type":"free","site-pages-page-builder":"gutenberg","site-pages-category":[],"site-pages-parent-category":{"64":"ecommerce","61":"free"},"required-plugins":[{"slug":"ultimate-addons-for-gutenberg","init":"ultimate-addons-for-gutenberg\/ultimate-addons-for-gutenberg.php","name":"Spectra"},{"slug":"woocommerce","init":"woocommerce\/woocommerce.php","name":"WooCommerce"}]},"id-59792":{"title":"Contact","featured-image-url":"https:\/\/websitedemos.net\/wp-content\/uploads\/2022\/08\/book-store-08-contact.jpg","thumbnail-image-url":"https:\/\/websitedemos.net\/wp-content\/uploads\/2022\/08\/book-store-08-contact-600x931.jpg","astra-page-api-url":"https:\/\/websitedemos.net\/book-store-08\/wp-json\/wp\/v2\/pages\/16","dynamic-page":"no","astra-page-url":"\/\/websitedemos.net\/book-store-08\/contact\/","astra-sites-tag":[],"site-pages-type":"free","site-pages-page-builder":"gutenberg","site-pages-category":[],"site-pages-parent-category":{"64":"ecommerce","61":"free"},"required-plugins":[{"slug":"ultimate-addons-for-gutenberg","init":"ultimate-addons-for-gutenberg\/ultimate-addons-for-gutenberg.php","name":"Spectra"}]},"id-59793":{"title":"Home","featured-image-url":"https:\/\/websitedemos.net\/wp-content\/uploads\/2022\/08\/book-store-08.jpg","thumbnail-image-url":"https:\/\/websitedemos.net\/wp-content\/uploads\/2022\/08\/book-store-08-600x2546.jpg","astra-page-api-url":"https:\/\/websitedemos.net\/book-store-08\/wp-json\/wp\/v2\/pages\/8","dynamic-page":"yes","astra-page-url":"\/\/websitedemos.net\/book-store-08\/","astra-sites-tag":[],"site-pages-type":"free","site-pages-page-builder":"gutenberg","site-pages-category":[],"site-pages-parent-category":{"64":"ecommerce","61":"free"},"required-plugins":[{"slug":"ultimate-addons-for-gutenberg","init":"ultimate-addons-for-gutenberg\/ultimate-addons-for-gutenberg.php","name":"Spectra"},{"slug":"woocommerce","init":"woocommerce\/woocommerce.php","name":"WooCommerce"}]},"id-59790":{"title":"About Author","featured-image-url":"https:\/\/websitedemos.net\/wp-content\/uploads\/2022\/08\/book-store-08-about-author.jpg","thumbnail-image-url":"https:\/\/websitedemos.net\/wp-content\/uploads\/2022\/08\/book-store-08-about-author-600x1597.jpg","astra-page-api-url":"https:\/\/websitedemos.net\/book-store-08\/wp-json\/wp\/v2\/pages\/12","dynamic-page":"no","astra-page-url":"\/\/websitedemos.net\/book-store-08\/about-author\/","astra-sites-tag":[],"site-pages-type":"free","site-pages-page-builder":"gutenberg","site-pages-category":[],"site-pages-parent-category":{"64":"ecommerce","61":"free"},"required-plugins":[{"slug":"ultimate-addons-for-gutenberg","init":"ultimate-addons-for-gutenberg\/ultimate-addons-for-gutenberg.php","name":"Spectra"}]}},"related-bb-template":"","related-elementor-template":"","related-gutenberg-template":"","related_ecommerce_template":75363,"ecommerce_parent_template":""},"id-59775":{"title":"Digital Agency","id":59775,"publish-date":1661176634,"featured-image-url":"https:\/\/websitedemos.net\/wp-content\/uploads\/2022\/08\/agency-08.jpg","thumbnail-image-url":"https:\/\/websitedemos.net\/wp-content\/uploads\/2022\/08\/agency-08-600x2216.jpg","fullpage-thumbnail-image-url":"https:\/\/websitedemos.net\/wp-content\/uploads\/2022\/08\/agency-08-400x1477.jpg","astra-site-url":"\/\/websitedemos.net\/agency-08","astra-site-parent-id":2656,"astra-sites-tag":{"663":"agency","979":"company","686":"corporate","664":"digital-services","812":"office","665":"service-agency"},"astra-sites-type":"free","astra-site-category":{"27":"business","39":"free"},"astra-sites-template-category":[],"astra-site-page-builder":"gutenberg","categories":{"2487":"agency"},"required-plugins":[{"slug":"ultimate-addons-for-gutenberg","init":"ultimate-addons-for-gutenberg\/ultimate-addons-for-gutenberg.php","name":"Spectra"}],"post-status":"publish","post-content":"","post-excerpt":"","pages":{"id-59776":{"title":"About","featured-image-url":"https:\/\/websitedemos.net\/wp-content\/uploads\/2022\/08\/agency-08-about.jpg","thumbnail-image-url":"https:\/\/websitedemos.net\/wp-content\/uploads\/2022\/08\/agency-08-about-600x1426.jpg","astra-page-api-url":"https:\/\/websitedemos.net\/agency-08\/wp-json\/wp\/v2\/pages\/1490","dynamic-page":"no","astra-page-url":"\/\/websitedemos.net\/agency-08\/about\/","astra-sites-tag":[],"site-pages-type":"free","site-pages-page-builder":"gutenberg","site-pages-category":[],"site-pages-parent-category":{"60":"business","61":"free"},"required-plugins":[{"slug":"ultimate-addons-for-gutenberg","init":"ultimate-addons-for-gutenberg\/ultimate-addons-for-gutenberg.php","name":"Spectra"}]},"id-59777":{"title":"Contact","featured-image-url":"https:\/\/websitedemos.net\/wp-content\/uploads\/2022\/08\/agency-08-contact.jpg","thumbnail-image-url":"https:\/\/websitedemos.net\/wp-content\/uploads\/2022\/08\/agency-08-contact-600x829.jpg","astra-page-api-url":"https:\/\/websitedemos.net\/agency-08\/wp-json\/wp\/v2\/pages\/1494","dynamic-page":"no","astra-page-url":"\/\/websitedemos.net\/agency-08\/contact\/","astra-sites-tag":[],"site-pages-type":"free","site-pages-page-builder":"gutenberg","site-pages-category":[],"site-pages-parent-category":{"60":"business","61":"free"},"required-plugins":[{"slug":"ultimate-addons-for-gutenberg","init":"ultimate-addons-for-gutenberg\/ultimate-addons-for-gutenberg.php","name":"Spectra"}]},"id-59778":{"title":"Home","featured-image-url":"https:\/\/websitedemos.net\/wp-content\/uploads\/2022\/08\/agency-08.jpg","thumbnail-image-url":"https:\/\/websitedemos.net\/wp-content\/uploads\/2022\/08\/agency-08-600x2216.jpg","astra-page-api-url":"https:\/\/websitedemos.net\/agency-08\/wp-json\/wp\/v2\/pages\/1488","dynamic-page":"no","astra-page-url":"\/\/websitedemos.net\/agency-08\/","astra-sites-tag":[],"site-pages-type":"free","site-pages-page-builder":"gutenberg","site-pages-category":[],"site-pages-parent-category":{"60":"business","61":"free"},"required-plugins":[{"slug":"ultimate-addons-for-gutenberg","init":"ultimate-addons-for-gutenberg\/ultimate-addons-for-gutenberg.php","name":"Spectra"}]},"id-59779":{"title":"Services","featured-image-url":"https:\/\/websitedemos.net\/wp-content\/uploads\/2022\/08\/agency-08-services.jpg","thumbnail-image-url":"https:\/\/websitedemos.net\/wp-content\/uploads\/2022\/08\/agency-08-services-600x1322.jpg","astra-page-api-url":"https:\/\/websitedemos.net\/agency-08\/wp-json\/wp\/v2\/pages\/1492","dynamic-page":"no","astra-page-url":"\/\/websitedemos.net\/agency-08\/services\/","astra-sites-tag":[],"site-pages-type":"free","site-pages-page-builder":"gutenberg","site-pages-category":[],"site-pages-parent-category":{"60":"business","61":"free"},"required-plugins":[{"slug":"ultimate-addons-for-gutenberg","init":"ultimate-addons-for-gutenberg\/ultimate-addons-for-gutenberg.php","name":"Spectra"}]}},"related-bb-template":"","related-elementor-template":"","related-gutenberg-template":"","related_ecommerce_template":"","ecommerce_parent_template":""}}