{"id-56573":{"title":"Injury and Accidental Lawyer","id":56573,"publish-date":1624912486,"featured-image-url":"https:\/\/websitedemos.net\/wp-content\/uploads\/2021\/06\/injury-accident-lawyer-08.jpg","thumbnail-image-url":"https:\/\/websitedemos.net\/wp-content\/uploads\/2021\/06\/injury-accident-lawyer-08-600x2475.jpg","fullpage-thumbnail-image-url":"https:\/\/websitedemos.net\/wp-content\/uploads\/2021\/06\/injury-accident-lawyer-08-400x1650.jpg","astra-site-url":"\/\/websitedemos.net\/injury-accident-lawyer-08","astra-site-parent-id":2241,"astra-sites-tag":{"1869":"accident-lawyers","1867":"injury-lawyers","1870":"lawyer-firm","1868":"lawyers"},"astra-sites-type":"free","astra-site-category":{"27":"business","39":"free"},"astra-sites-template-category":[],"astra-site-page-builder":"gutenberg","categories":{"2482":"law"},"required-plugins":[{"slug":"ultimate-addons-for-gutenberg","init":"ultimate-addons-for-gutenberg\/ultimate-addons-for-gutenberg.php","name":"Spectra"}],"post-status":"publish","post-content":"","post-excerpt":"","pages":{"id-56574":{"title":"About","featured-image-url":"https:\/\/websitedemos.net\/wp-content\/uploads\/2021\/06\/injury-accident-lawyer-08-about.jpg","thumbnail-image-url":"https:\/\/websitedemos.net\/wp-content\/uploads\/2021\/06\/injury-accident-lawyer-08-about-600x2370.jpg","astra-page-api-url":"https:\/\/websitedemos.net\/injury-accident-lawyer-08\/wp-json\/wp\/v2\/pages\/1526","dynamic-page":"no","astra-page-url":"\/\/websitedemos.net\/injury-accident-lawyer-08\/about\/","astra-sites-tag":{"352":"about"},"site-pages-type":"free","site-pages-page-builder":"gutenberg","site-pages-category":[],"site-pages-parent-category":{"60":"business","61":"free"},"required-plugins":[{"slug":"ultimate-addons-for-gutenberg","init":"ultimate-addons-for-gutenberg\/ultimate-addons-for-gutenberg.php","name":"Spectra"}]},"id-56575":{"title":"Attorneys","featured-image-url":"https:\/\/websitedemos.net\/wp-content\/uploads\/2021\/06\/injury-accident-lawyer-08-attorneys.jpg","thumbnail-image-url":"https:\/\/websitedemos.net\/wp-content\/uploads\/2021\/06\/injury-accident-lawyer-08-attorneys-600x1888.jpg","astra-page-api-url":"https:\/\/websitedemos.net\/injury-accident-lawyer-08\/wp-json\/wp\/v2\/pages\/1539","dynamic-page":"no","astra-page-url":"\/\/websitedemos.net\/injury-accident-lawyer-08\/attorneys\/","astra-sites-tag":{"912":"attorneys"},"site-pages-type":"free","site-pages-page-builder":"gutenberg","site-pages-category":[],"site-pages-parent-category":{"60":"business","61":"free"},"required-plugins":[{"slug":"ultimate-addons-for-gutenberg","init":"ultimate-addons-for-gutenberg\/ultimate-addons-for-gutenberg.php","name":"Spectra"}]},"id-56576":{"title":"Contact","featured-image-url":"https:\/\/websitedemos.net\/wp-content\/uploads\/2021\/06\/injury-accident-lawyer-08-contact.jpg","thumbnail-image-url":"https:\/\/websitedemos.net\/wp-content\/uploads\/2021\/06\/injury-accident-lawyer-08-contact-600x967.jpg","astra-page-api-url":"https:\/\/websitedemos.net\/injury-accident-lawyer-08\/wp-json\/wp\/v2\/pages\/1547","dynamic-page":"no","astra-page-url":"\/\/websitedemos.net\/injury-accident-lawyer-08\/contact\/","astra-sites-tag":{"415":"contact"},"site-pages-type":"free","site-pages-page-builder":"gutenberg","site-pages-category":[],"site-pages-parent-category":{"60":"business","61":"free"},"required-plugins":[{"slug":"ultimate-addons-for-gutenberg","init":"ultimate-addons-for-gutenberg\/ultimate-addons-for-gutenberg.php","name":"Spectra"}]},"id-56577":{"title":"Home","featured-image-url":"https:\/\/websitedemos.net\/wp-content\/uploads\/2021\/06\/injury-accident-lawyer-08.jpg","thumbnail-image-url":"https:\/\/websitedemos.net\/wp-content\/uploads\/2021\/06\/injury-accident-lawyer-08-600x2475.jpg","astra-page-api-url":"https:\/\/websitedemos.net\/injury-accident-lawyer-08\/wp-json\/wp\/v2\/pages\/1503","dynamic-page":"no","astra-page-url":"\/\/websitedemos.net\/injury-accident-lawyer-08\/","astra-sites-tag":{"814":"homepage"},"site-pages-type":"free","site-pages-page-builder":"gutenberg","site-pages-category":[],"site-pages-parent-category":{"60":"business","61":"free"},"required-plugins":[{"slug":"ultimate-addons-for-gutenberg","init":"ultimate-addons-for-gutenberg\/ultimate-addons-for-gutenberg.php","name":"Spectra"}]},"id-56578":{"title":"Practice Areas","featured-image-url":"https:\/\/websitedemos.net\/wp-content\/uploads\/2021\/06\/injury-accident-lawyer-08-practice-area.jpg","thumbnail-image-url":"https:\/\/websitedemos.net\/wp-content\/uploads\/2021\/06\/injury-accident-lawyer-08-practice-area-600x2755.jpg","astra-page-api-url":"https:\/\/websitedemos.net\/injury-accident-lawyer-08\/wp-json\/wp\/v2\/pages\/1541","dynamic-page":"no","astra-page-url":"\/\/websitedemos.net\/injury-accident-lawyer-08\/practice-areas\/","astra-sites-tag":{"1863":"practice-areas"},"site-pages-type":"free","site-pages-page-builder":"gutenberg","site-pages-category":[],"site-pages-parent-category":{"60":"business","61":"free"},"required-plugins":[{"slug":"ultimate-addons-for-gutenberg","init":"ultimate-addons-for-gutenberg\/ultimate-addons-for-gutenberg.php","name":"Spectra"}]},"id-56579":{"title":"Results","featured-image-url":"https:\/\/websitedemos.net\/wp-content\/uploads\/2021\/06\/injury-accident-lawyer-08-results.jpg","thumbnail-image-url":"https:\/\/websitedemos.net\/wp-content\/uploads\/2021\/06\/injury-accident-lawyer-08-results-600x1712.jpg","astra-page-api-url":"https:\/\/websitedemos.net\/injury-accident-lawyer-08\/wp-json\/wp\/v2\/pages\/1543","dynamic-page":"no","astra-page-url":"\/\/websitedemos.net\/injury-accident-lawyer-08\/results\/","astra-sites-tag":{"1864":"results"},"site-pages-type":"free","site-pages-page-builder":"gutenberg","site-pages-category":[],"site-pages-parent-category":{"60":"business","61":"free"},"required-plugins":[{"slug":"ultimate-addons-for-gutenberg","init":"ultimate-addons-for-gutenberg\/ultimate-addons-for-gutenberg.php","name":"Spectra"}]}},"related-bb-template":"","related-elementor-template":"","related-gutenberg-template":"","related_ecommerce_template":"","ecommerce_parent_template":""},"id-51486":{"title":"Water Sports","id":51486,"publish-date":1617304815,"featured-image-url":"https:\/\/websitedemos.net\/wp-content\/uploads\/2021\/03\/water-sports-04.jpg","thumbnail-image-url":"https:\/\/websitedemos.net\/wp-content\/uploads\/2021\/03\/water-sports-04.jpg","fullpage-thumbnail-image-url":"https:\/\/websitedemos.net\/wp-content\/uploads\/2021\/03\/water-sports-04.jpg","astra-site-url":"\/\/websitedemos.net\/water-sports-04","astra-site-parent-id":1912,"astra-sites-tag":{"544":"adventure","1918":"beach","1917":"beach-sports","1921":"sailing","546":"sports","1919":"summer-sports","1914":"surfing","1920":"vacations","1916":"water","1915":"water-ski","1913":"water-sports"},"astra-sites-type":"agency-mini","astra-site-category":{"27":"business"},"astra-sites-template-category":{"2777":"business","2826":"sports"},"astra-site-page-builder":"elementor","categories":{"2498":"hotel-travel"},"required-plugins":[{"slug":"elementor","init":"elementor\/elementor.php","name":"Elementor"},{"slug":"header-footer-elementor","init":"header-footer-elementor\/header-footer-elementor.php","name":"Elementor - Header, Footer & Blocks"},{"slug":"wpforms-lite","init":"wpforms-lite\/wpforms.php","name":"WPForms Lite"}],"post-status":"publish","post-content":"<!-- wp:paragraph -->\n<p>The Water Sports template is light, bright and energetic, just like the watersports it represents. It\u2019s an instantly engaging template with fullscreen header on the homepage that opens out into a white background and borderless content areas.<\/p>\n<!-- \/wp:paragraph -->\n\n<!-- wp:paragraph -->\n<p>It\u2019s a contemporary design with modern fonts, high quality images, customizable content areas and attractive header and footer. While designed for watersports, it could be easily customized to suit many types of business.<\/p>\n<!-- \/wp:paragraph -->\n\n<!-- wp:heading -->\n<h2>Key features of the Water Sports template<\/h2>\n<!-- \/wp:heading -->\n\n<!-- wp:list -->\n<ul><li>Energetic website template for multiple uses<\/li><li>Borderless content areas are a highlight<\/li><li>Bright colors and modern fonts<\/li><li>Infinitely customizable<\/li><li>Full compatibility with leading page builders<\/li><\/ul>\n<!-- \/wp:list -->","post-excerpt":"Energetic web template that could be any website for any conceivable use","pages":{"id-51489":{"title":"Contact Us","featured-image-url":"https:\/\/websitedemos.net\/wp-content\/uploads\/2021\/03\/water-sports-04-contact-us.jpg","thumbnail-image-url":"https:\/\/websitedemos.net\/wp-content\/uploads\/2021\/03\/water-sports-04-contact-us.jpg","astra-page-api-url":"https:\/\/websitedemos.net\/water-sports-04\/wp-json\/wp\/v2\/pages\/812","dynamic-page":"no","astra-page-url":"\/\/websitedemos.net\/water-sports-04\/contact-us\/","astra-sites-tag":{"415":"contact"},"site-pages-type":"agency-mini","site-pages-page-builder":"elementor","site-pages-category":[],"site-pages-parent-category":{"60":"business"},"required-plugins":[{"slug":"elementor","init":"elementor\/elementor.php","name":"Elementor"},{"slug":"wpforms-lite","init":"wpforms-lite\/wpforms.php","name":"WPForms Lite"}]},"id-51488":{"title":"Activities","featured-image-url":"https:\/\/websitedemos.net\/wp-content\/uploads\/2021\/03\/water-sports-04-activities.jpg","thumbnail-image-url":"https:\/\/websitedemos.net\/wp-content\/uploads\/2021\/03\/water-sports-04-activities.jpg","astra-page-api-url":"https:\/\/websitedemos.net\/water-sports-04\/wp-json\/wp\/v2\/pages\/599","dynamic-page":"no","astra-page-url":"\/\/websitedemos.net\/water-sports-04\/activities\/","astra-sites-tag":{"1922":"activities","1569":"events","546":"sports"},"site-pages-type":"agency-mini","site-pages-page-builder":"elementor","site-pages-category":[],"site-pages-parent-category":{"60":"business"},"required-plugins":[{"slug":"elementor","init":"elementor\/elementor.php","name":"Elementor"}]},"id-51490":{"title":"Home","featured-image-url":"https:\/\/websitedemos.net\/wp-content\/uploads\/2021\/03\/water-sports-04.jpg","thumbnail-image-url":"https:\/\/websitedemos.net\/wp-content\/uploads\/2021\/03\/water-sports-04.jpg","astra-page-api-url":"https:\/\/websitedemos.net\/water-sports-04\/wp-json\/wp\/v2\/pages\/5","dynamic-page":"no","astra-page-url":"\/\/websitedemos.net\/water-sports-04\/","astra-sites-tag":{"423":"home"},"site-pages-type":"agency-mini","site-pages-page-builder":"elementor","site-pages-category":[],"site-pages-parent-category":{"60":"business"},"required-plugins":[{"slug":"elementor","init":"elementor\/elementor.php","name":"Elementor"}]},"id-51491":{"title":"Testimonial","featured-image-url":"https:\/\/websitedemos.net\/wp-content\/uploads\/2021\/03\/water-sports-04-testimonial.jpg","thumbnail-image-url":"https:\/\/websitedemos.net\/wp-content\/uploads\/2021\/03\/water-sports-04-testimonial.jpg","astra-page-api-url":"https:\/\/websitedemos.net\/water-sports-04\/wp-json\/wp\/v2\/pages\/672","dynamic-page":"no","astra-page-url":"\/\/websitedemos.net\/water-sports-04\/testimonial\/","astra-sites-tag":{"433":"testimonials"},"site-pages-type":"agency-mini","site-pages-page-builder":"elementor","site-pages-category":[],"site-pages-parent-category":{"60":"business"},"required-plugins":[{"slug":"elementor","init":"elementor\/elementor.php","name":"Elementor"}]},"id-51487":{"title":"About","featured-image-url":"https:\/\/websitedemos.net\/wp-content\/uploads\/2021\/03\/water-sports-04-about.jpg","thumbnail-image-url":"https:\/\/websitedemos.net\/wp-content\/uploads\/2021\/03\/water-sports-04-about.jpg","astra-page-api-url":"https:\/\/websitedemos.net\/water-sports-04\/wp-json\/wp\/v2\/pages\/420","dynamic-page":"no","astra-page-url":"\/\/websitedemos.net\/water-sports-04\/about\/","astra-sites-tag":{"352":"about"},"site-pages-type":"agency-mini","site-pages-page-builder":"elementor","site-pages-category":[],"site-pages-parent-category":{"60":"business"},"required-plugins":[{"slug":"elementor","init":"elementor\/elementor.php","name":"Elementor"}]}},"related-bb-template":"","related-elementor-template":"","related-gutenberg-template":"","related_ecommerce_template":"","ecommerce_parent_template":""},"id-49322":{"title":"Marketing Agency","id":49322,"publish-date":1608637925,"featured-image-url":"https:\/\/websitedemos.net\/wp-content\/uploads\/2020\/12\/marketing-agency-02-home.jpg","thumbnail-image-url":"https:\/\/websitedemos.net\/wp-content\/uploads\/2020\/12\/marketing-agency-02-home.jpg","fullpage-thumbnail-image-url":"https:\/\/websitedemos.net\/wp-content\/uploads\/2020\/12\/marketing-agency-02-home.jpg","astra-site-url":"\/\/websitedemos.net\/marketing-agency-02","astra-site-parent-id":1812,"astra-sites-tag":{"1587":"advertising-agency","2232":"advertising-company","2229":"advertising-firm","663":"agency","979":"company","1588":"marketing-agency","2233":"marketing-company","2228":"marketing-firm","2230":"press-agency","2227":"promotion-firm","2231":"publicity-firm","2234":"publicity-services"},"astra-sites-type":"free","astra-site-category":{"27":"business","39":"free"},"astra-sites-template-category":{"2777":"business","2812":"digital-agency","2796":"digital-marketing","2768":"portfolio"},"astra-site-page-builder":"elementor","categories":{"2487":"agency"},"required-plugins":[{"slug":"elementor","init":"elementor\/elementor.php","name":"Elementor"},{"slug":"wpforms-lite","init":"wpforms-lite\/wpforms.php","name":"WPForms Lite"}],"post-status":"publish","post-content":"<!-- wp:paragraph -->\n<p>The Marketing Agency template uses dark design to great effect. It\u2019s bold, colorful and designed to attract attention. Ideal for digital businesses, freelancers and creative agencies.<\/p>\n<!-- \/wp:paragraph -->\n\n<!-- wp:paragraph -->\n<p>The template uses a boxed design with smart hover effects, customizable content areas, modern fonts, a portfolio, product showcase, case study section and client area. All within a clever, multi-layered design.<\/p>\n<!-- \/wp:paragraph -->\n\n<!-- wp:heading {\"UAGDay\":[]} -->\n<h2 class=\"wp-block-heading\">Key features of the Marketing Agency template<\/h2>\n<!-- \/wp:heading -->\n\n<!-- wp:list -->\n<ul><!-- wp:list-item -->\n<li>Dark design that works amazingly well<\/li>\n<!-- \/wp:list-item -->\n\n<!-- wp:list-item -->\n<li>Bold contrast colors for extra impact<\/li>\n<!-- \/wp:list-item -->\n\n<!-- wp:list-item -->\n<li>Lots of relevant content areas with hover effects<\/li>\n<!-- \/wp:list-item -->\n\n<!-- wp:list-item -->\n<li>Memorable for all the right reasons<\/li>\n<!-- \/wp:list-item -->\n\n<!-- wp:list-item -->\n<li>Full compatibility with leading page builders<\/li>\n<!-- \/wp:list-item --><\/ul>\n<!-- \/wp:list -->","post-excerpt":"Dark design with contemporary elements ideal for creative agencies","pages":{"id-49323":{"title":"About Us","featured-image-url":"https:\/\/websitedemos.net\/wp-content\/uploads\/2020\/12\/marketing-agency-02-about-us-1.jpg","thumbnail-image-url":"https:\/\/websitedemos.net\/wp-content\/uploads\/2020\/12\/marketing-agency-02-about-us-1.jpg","astra-page-api-url":"https:\/\/websitedemos.net\/marketing-agency-02\/wp-json\/wp\/v2\/pages\/14","dynamic-page":"no","astra-page-url":"\/\/websitedemos.net\/marketing-agency-02\/about-us\/","astra-sites-tag":{"352":"about","455":"about-us"},"site-pages-type":"free","site-pages-page-builder":"elementor","site-pages-category":[],"site-pages-parent-category":{"60":"business","61":"free"},"required-plugins":[{"slug":"elementor","init":"elementor\/elementor.php","name":"Elementor"}]},"id-49324":{"title":"Case Studies","featured-image-url":"https:\/\/websitedemos.net\/wp-content\/uploads\/2020\/12\/marketing-agency-02-case-studies-1.jpg","thumbnail-image-url":"https:\/\/websitedemos.net\/wp-content\/uploads\/2020\/12\/marketing-agency-02-case-studies-1.jpg","astra-page-api-url":"https:\/\/websitedemos.net\/marketing-agency-02\/wp-json\/wp\/v2\/pages\/11","dynamic-page":"no","astra-page-url":"\/\/websitedemos.net\/marketing-agency-02\/case-studies\/","astra-sites-tag":{"780":"case-studies"},"site-pages-type":"free","site-pages-page-builder":"elementor","site-pages-category":[],"site-pages-parent-category":{"60":"business","61":"free"},"required-plugins":[{"slug":"elementor","init":"elementor\/elementor.php","name":"Elementor"}]},"id-49325":{"title":"Contact","featured-image-url":"https:\/\/websitedemos.net\/wp-content\/uploads\/2020\/12\/marketing-agency-02-contact-1.jpg","thumbnail-image-url":"https:\/\/websitedemos.net\/wp-content\/uploads\/2020\/12\/marketing-agency-02-contact-1.jpg","astra-page-api-url":"https:\/\/websitedemos.net\/marketing-agency-02\/wp-json\/wp\/v2\/pages\/16","dynamic-page":"no","astra-page-url":"\/\/websitedemos.net\/marketing-agency-02\/contact\/","astra-sites-tag":{"415":"contact"},"site-pages-type":"free","site-pages-page-builder":"elementor","site-pages-category":[],"site-pages-parent-category":{"60":"business","61":"free"},"required-plugins":[{"slug":"elementor","init":"elementor\/elementor.php","name":"Elementor"},{"slug":"wpforms-lite","init":"wpforms-lite\/wpforms.php","name":"WPForms Lite"}]},"id-49327":{"title":"What We Do","featured-image-url":"https:\/\/websitedemos.net\/wp-content\/uploads\/2020\/12\/marketing-agency-02-what-we-do-1.jpg","thumbnail-image-url":"https:\/\/websitedemos.net\/wp-content\/uploads\/2020\/12\/marketing-agency-02-what-we-do-1.jpg","astra-page-api-url":"https:\/\/websitedemos.net\/marketing-agency-02\/wp-json\/wp\/v2\/pages\/8","dynamic-page":"no","astra-page-url":"\/\/websitedemos.net\/marketing-agency-02\/what-we-do\/","astra-sites-tag":{"1605":"our-services","628":"what-we-do","1542":"what-we-offer"},"site-pages-type":"free","site-pages-page-builder":"elementor","site-pages-category":[],"site-pages-parent-category":{"60":"business","61":"free"},"required-plugins":[{"slug":"elementor","init":"elementor\/elementor.php","name":"Elementor"}]},"id-49326":{"title":"Home","featured-image-url":"https:\/\/websitedemos.net\/wp-content\/uploads\/2020\/12\/marketing-agency-02-home.jpg","thumbnail-image-url":"https:\/\/websitedemos.net\/wp-content\/uploads\/2020\/12\/marketing-agency-02-home.jpg","astra-page-api-url":"https:\/\/websitedemos.net\/marketing-agency-02\/wp-json\/wp\/v2\/pages\/6","dynamic-page":"no","astra-page-url":"\/\/websitedemos.net\/marketing-agency-02\/","astra-sites-tag":{"423":"home"},"site-pages-type":"free","site-pages-page-builder":"elementor","site-pages-category":[],"site-pages-parent-category":{"60":"business","61":"free"},"required-plugins":[{"slug":"elementor","init":"elementor\/elementor.php","name":"Elementor"}]}},"related-bb-template":"","related-elementor-template":"","related-gutenberg-template":"","related_ecommerce_template":"","ecommerce_parent_template":""},"id-58078":{"title":"Beauty Products Store","id":58078,"publish-date":1632223081,"featured-image-url":"https:\/\/websitedemos.net\/wp-content\/uploads\/2021\/09\/beauty-products-store-02-home.jpg","thumbnail-image-url":"https:\/\/websitedemos.net\/wp-content\/uploads\/2021\/09\/beauty-products-store-02-home.jpg","fullpage-thumbnail-image-url":"https:\/\/websitedemos.net\/wp-content\/uploads\/2021\/09\/beauty-products-store-02-home.jpg","astra-site-url":"\/\/websitedemos.net\/beauty-products-store-04","astra-site-parent-id":2374,"astra-sites-tag":{"2385":"beauty-products-shop","2384":"beauty-products-store","2418":"commerce","1017":"e-commerce","496":"ecommerce","1817":"ecommerce-store","2419":"eshopping","2422":"online-market","732":"online-shop","2420":"online-shopping","383":"online-store","2421":"purchases","2417":"reseller","733":"shop","2416":"shopping","749":"store","966":"woo-commerce","1024":"woocommerce"},"astra-sites-type":"agency-mini","astra-site-category":{"38":"ecommerce"},"astra-sites-template-category":{"2790":"beauty-fashion","2777":"business","2769":"ecommerce","2857":"online-shopping"},"astra-site-page-builder":"elementor","categories":{"2495":"ecommerce"},"required-plugins":[{"slug":"elementor","init":"elementor\/elementor.php","name":"Elementor"},{"slug":"header-footer-elementor","init":"header-footer-elementor\/header-footer-elementor.php","name":"Elementor Header & Footer Builder"},{"slug":"woocommerce","init":"woocommerce\/woocommerce.php","name":"WooCommerce"},{"slug":"wpforms-lite","init":"wpforms-lite\/wpforms.php","name":"WPForms Lite"},{"slug":"astra-addon","init":"astra-addon\/astra-addon.php","name":"Astra Pro"},{"slug":"variation-swatches-woo","init":"variation-swatches-woo\/variation-swatches-woo.php","name":"Variation Swatches for WooCommerce"}],"post-status":"publish","post-content":"<!-- wp:paragraph -->\n<p>The Beauty Products Store template is a very welcoming design thanks to soft colors and a high quality header. It\u2019s a light design with shaded background, exceptional images and borderless content areas, providing a very contemporary feel.<\/p>\n<!-- \/wp:paragraph -->\n\n<!-- wp:paragraph -->\n<p>The template includes lots of areas to showcase products, special offers, featured products and everything a typical online store would have on the homepage. Category and product pages are equally attractive and fully compatible with WooCommerce.<\/p>\n<!-- \/wp:paragraph -->\n\n<!-- wp:heading -->\n<h2>Key features of the Beauty Products Store template<\/h2>\n<!-- \/wp:heading -->\n\n<!-- wp:list -->\n<ul><li>Welcoming eCommerce store design with lovely feel<\/li><li>Calm colors and high quality images throughout<\/li><li>Lots of product and category areas built-in<\/li><li>Fully compatible with WooCommerce<\/li><li>Full compatibility with leading page builders<\/li><\/ul>\n<!-- \/wp:list -->","post-excerpt":"Welcoming eCommerce website designed to sell anything to anyone","pages":{"id-58080":{"title":"Contact","featured-image-url":"https:\/\/websitedemos.net\/wp-content\/uploads\/2021\/09\/beauty-products-store-02-contact.jpg","thumbnail-image-url":"https:\/\/websitedemos.net\/wp-content\/uploads\/2021\/09\/beauty-products-store-02-contact.jpg","astra-page-api-url":"https:\/\/websitedemos.net\/beauty-products-store-04\/wp-json\/wp\/v2\/pages\/20","dynamic-page":"no","astra-page-url":"\/\/websitedemos.net\/beauty-products-store-04\/contact\/","astra-sites-tag":{"415":"contact"},"site-pages-type":"agency-mini","site-pages-page-builder":"elementor","site-pages-category":[],"site-pages-parent-category":{"64":"ecommerce"},"required-plugins":[{"slug":"elementor","init":"elementor\/elementor.php","name":"Elementor"},{"slug":"wpforms-lite","init":"wpforms-lite\/wpforms.php","name":"WPForms Lite"}]},"id-58081":{"title":"Home","featured-image-url":"https:\/\/websitedemos.net\/wp-content\/uploads\/2021\/09\/beauty-products-store-02-home.jpg","thumbnail-image-url":"https:\/\/websitedemos.net\/wp-content\/uploads\/2021\/09\/beauty-products-store-02-home.jpg","astra-page-api-url":"https:\/\/websitedemos.net\/beauty-products-store-04\/wp-json\/wp\/v2\/pages\/6","dynamic-page":"no","astra-page-url":"\/\/websitedemos.net\/beauty-products-store-04\/","astra-sites-tag":{"423":"home"},"site-pages-type":"agency-mini","site-pages-page-builder":"elementor","site-pages-category":[],"site-pages-parent-category":{"64":"ecommerce"},"required-plugins":[{"slug":"elementor","init":"elementor\/elementor.php","name":"Elementor"}]},"id-58079":{"title":"About Us","featured-image-url":"https:\/\/websitedemos.net\/wp-content\/uploads\/2021\/09\/beauty-products-store-02-about.jpg","thumbnail-image-url":"https:\/\/websitedemos.net\/wp-content\/uploads\/2021\/09\/beauty-products-store-02-about.jpg","astra-page-api-url":"https:\/\/websitedemos.net\/beauty-products-store-04\/wp-json\/wp\/v2\/pages\/18","dynamic-page":"no","astra-page-url":"\/\/websitedemos.net\/beauty-products-store-04\/about-us\/","astra-sites-tag":{"352":"about"},"site-pages-type":"agency-mini","site-pages-page-builder":"elementor","site-pages-category":[],"site-pages-parent-category":{"64":"ecommerce"},"required-plugins":[{"slug":"elementor","init":"elementor\/elementor.php","name":"Elementor"}]}},"related-bb-template":"","related-elementor-template":"","related-gutenberg-template":"","related_ecommerce_template":"","ecommerce_parent_template":""},"id-49385":{"title":"Calligraphy Artist","id":49385,"publish-date":1608714981,"featured-image-url":"https:\/\/websitedemos.net\/wp-content\/uploads\/2020\/12\/calligraphy-artist-02-home.jpg","thumbnail-image-url":"https:\/\/websitedemos.net\/wp-content\/uploads\/2020\/12\/calligraphy-artist-02-home.jpg","fullpage-thumbnail-image-url":"https:\/\/websitedemos.net\/wp-content\/uploads\/2020\/12\/calligraphy-artist-02-home.jpg","astra-site-url":"\/\/websitedemos.net\/calligraphy-artist-02","astra-site-parent-id":1819,"astra-sites-tag":{"1820":"calligraphy","1826":"characters","1824":"chirography","1821":"handwriting","1825":"pencraft","1823":"script","1827":"style","1822":"writing"},"astra-sites-type":"free","astra-site-category":{"27":"business","39":"free"},"astra-sites-template-category":{"2802":"artist","2810":"freelance","2770":"personal","2768":"portfolio"},"astra-site-page-builder":"elementor","categories":{"2488":"portfolio"},"required-plugins":[{"slug":"elementor","init":"elementor\/elementor.php","name":"Elementor"},{"slug":"wpforms-lite","init":"wpforms-lite\/wpforms.php","name":"WPForms Lite"}],"post-status":"publish","post-content":"<!-- wp:paragraph -->\n<p>The Calligraphy Artist template is a descriptive design with handwritten fonts and a full screen design. It\u2019s largely monochrome, with colors provided by images to make them stand out.<\/p>\n<!-- \/wp:paragraph -->\n\n<!-- wp:paragraph -->\n<p>It\u2019s a very elegant design with a biography section, timeline, portfolio and all the ingredients you need to promote your skills and experience. It\u2019s useful as a business website or personal portfolio, whatever you might need.<\/p>\n<!-- \/wp:paragraph -->\n\n<!-- wp:heading -->\n<h2>Key features of the Calligraphy Artist template<\/h2>\n<!-- \/wp:heading -->\n\n<!-- wp:list -->\n<ul><li>Elegant design with handwritten fonts<\/li><li>Monochrome design allows images to stand out<\/li><li>Nice layout with plenty of whitespace<\/li><li>Works as business website or personal portfolio<\/li><li>Full compatibility with leading page builders<\/li><\/ul>\n<!-- \/wp:list -->","post-excerpt":"Creative web template with calm design ideal for artists of all kinds","pages":{"id-49386":{"title":"About","featured-image-url":"https:\/\/websitedemos.net\/wp-content\/uploads\/2020\/12\/calligraphy-artist-02-about-1.jpg","thumbnail-image-url":"https:\/\/websitedemos.net\/wp-content\/uploads\/2020\/12\/calligraphy-artist-02-about-1.jpg","astra-page-api-url":"https:\/\/websitedemos.net\/calligraphy-artist-02\/wp-json\/wp\/v2\/pages\/301","dynamic-page":"no","astra-page-url":"\/\/websitedemos.net\/calligraphy-artist-02\/about\/","astra-sites-tag":{"352":"about"},"site-pages-type":"free","site-pages-page-builder":"elementor","site-pages-category":[],"site-pages-parent-category":{"60":"business","61":"free"},"required-plugins":[{"slug":"elementor","init":"elementor\/elementor.php","name":"Elementor"}]},"id-49390":{"title":"Works","featured-image-url":"https:\/\/websitedemos.net\/wp-content\/uploads\/2020\/12\/calligraphy-artist-02-work.jpg","thumbnail-image-url":"https:\/\/websitedemos.net\/wp-content\/uploads\/2020\/12\/calligraphy-artist-02-work.jpg","astra-page-api-url":"https:\/\/websitedemos.net\/calligraphy-artist-02\/wp-json\/wp\/v2\/pages\/181","dynamic-page":"no","astra-page-url":"\/\/websitedemos.net\/calligraphy-artist-02\/works\/","astra-sites-tag":{"451":"work"},"site-pages-type":"free","site-pages-page-builder":"elementor","site-pages-category":[],"site-pages-parent-category":{"60":"business","61":"free"},"required-plugins":[{"slug":"elementor","init":"elementor\/elementor.php","name":"Elementor"}]},"id-49389":{"title":"Services","featured-image-url":"https:\/\/websitedemos.net\/wp-content\/uploads\/2020\/12\/calligraphy-artist-02-expertise.jpg","thumbnail-image-url":"https:\/\/websitedemos.net\/wp-content\/uploads\/2020\/12\/calligraphy-artist-02-expertise.jpg","astra-page-api-url":"https:\/\/websitedemos.net\/calligraphy-artist-02\/wp-json\/wp\/v2\/pages\/253","dynamic-page":"no","astra-page-url":"\/\/websitedemos.net\/calligraphy-artist-02\/services\/","astra-sites-tag":{"425":"services"},"site-pages-type":"free","site-pages-page-builder":"elementor","site-pages-category":[],"site-pages-parent-category":{"60":"business","61":"free"},"required-plugins":[{"slug":"elementor","init":"elementor\/elementor.php","name":"Elementor"}]},"id-49387":{"title":"Contact","featured-image-url":"https:\/\/websitedemos.net\/wp-content\/uploads\/2020\/12\/calligraphy-artist-02-contact-1.jpg","thumbnail-image-url":"https:\/\/websitedemos.net\/wp-content\/uploads\/2020\/12\/calligraphy-artist-02-contact-1.jpg","astra-page-api-url":"https:\/\/websitedemos.net\/calligraphy-artist-02\/wp-json\/wp\/v2\/pages\/350","dynamic-page":"no","astra-page-url":"\/\/websitedemos.net\/calligraphy-artist-02\/contact\/","astra-sites-tag":{"415":"contact"},"site-pages-type":"free","site-pages-page-builder":"elementor","site-pages-category":[],"site-pages-parent-category":{"60":"business","61":"free"},"required-plugins":[{"slug":"elementor","init":"elementor\/elementor.php","name":"Elementor"},{"slug":"wpforms-lite","init":"wpforms-lite\/wpforms.php","name":"WPForms Lite"}]},"id-49388":{"title":"Home","featured-image-url":"https:\/\/websitedemos.net\/wp-content\/uploads\/2020\/12\/calligraphy-artist-02-home.jpg","thumbnail-image-url":"https:\/\/websitedemos.net\/wp-content\/uploads\/2020\/12\/calligraphy-artist-02-home.jpg","astra-page-api-url":"https:\/\/websitedemos.net\/calligraphy-artist-02\/wp-json\/wp\/v2\/pages\/11","dynamic-page":"no","astra-page-url":"\/\/websitedemos.net\/calligraphy-artist-02\/","astra-sites-tag":{"423":"home"},"site-pages-type":"free","site-pages-page-builder":"elementor","site-pages-category":[],"site-pages-parent-category":{"60":"business","61":"free"},"required-plugins":[{"slug":"elementor","init":"elementor\/elementor.php","name":"Elementor"}]}},"related-bb-template":"","related-elementor-template":"","related-gutenberg-template":"","related_ecommerce_template":"","ecommerce_parent_template":""},"id-49291":{"title":"BBQ Food Truck","id":49291,"publish-date":1607968465,"featured-image-url":"https:\/\/websitedemos.net\/wp-content\/uploads\/2020\/12\/bbq-food-truck-04.jpg","thumbnail-image-url":"https:\/\/websitedemos.net\/wp-content\/uploads\/2020\/12\/bbq-food-truck-04.jpg","fullpage-thumbnail-image-url":"https:\/\/websitedemos.net\/wp-content\/uploads\/2020\/12\/bbq-food-truck-04.jpg","astra-site-url":"\/\/websitedemos.net\/bbq-food-truck-04","astra-site-parent-id":1807,"astra-sites-tag":{"1808":"food-truck","1810":"ice-cream-truck-2","1809":"ice-cream-truck"},"astra-sites-type":"agency-mini","astra-site-category":{"27":"business"},"astra-sites-template-category":{"2777":"business","2785":"food","2876":"food-ordering","2771":"one-page","2776":"restaurant"},"astra-site-page-builder":"elementor","categories":{"2927":"one-page","2496":"restaurant-food"},"required-plugins":[{"slug":"elementor","init":"elementor\/elementor.php","name":"Elementor"},{"slug":"wpforms-lite","init":"wpforms-lite\/wpforms.php","name":"WPForms Lite"}],"post-status":"publish","post-content":"<!-- wp:paragraph -->\n<p>The BBQ Food Truck template is bright, colorful and instantly engaging. It\u2019s a fullscreen template with a huge header image with food truck front and center and descriptive headline. The rest of the homepage includes a menu, schedule and other useful elements.<\/p>\n<!-- \/wp:paragraph -->\n\n<!-- wp:paragraph -->\n<p>The template as a whole is modern and vibrant, ideal for portraying a food truck or food business in the best light. It\u2019s flexible, fully responsive and able to deliver a pro quality website with minimal effort.<\/p>\n<!-- \/wp:paragraph -->\n\n<!-- wp:heading -->\n<h2>Key features of the BBQ Food Truck template<\/h2>\n<!-- \/wp:heading -->\n\n<!-- wp:list -->\n<ul><li>Vibrant and colorful with instant engagement<\/li><li>Includes attractive menu section and schedule<\/li><li>Fantastic imagery throughout<\/li><li>Customizable layout and content areas<\/li><li>Full compatibility with leading page builders<\/li><\/ul>\n<!-- \/wp:list -->","post-excerpt":"Vibrant, colorful web template for food trucks and food businesses","pages":{"id-49292":{"title":"Home","featured-image-url":"https:\/\/websitedemos.net\/wp-content\/uploads\/2020\/12\/bbq-food-truck-04.jpg","thumbnail-image-url":"https:\/\/websitedemos.net\/wp-content\/uploads\/2020\/12\/bbq-food-truck-04.jpg","astra-page-api-url":"https:\/\/websitedemos.net\/bbq-food-truck-04\/wp-json\/wp\/v2\/pages\/9","dynamic-page":"no","astra-page-url":"\/\/websitedemos.net\/bbq-food-truck-04\/","astra-sites-tag":{"423":"home","1718":"onepage"},"site-pages-type":"agency-mini","site-pages-page-builder":"elementor","site-pages-category":[],"site-pages-parent-category":{"60":"business"},"required-plugins":[{"slug":"elementor","init":"elementor\/elementor.php","name":"Elementor"},{"slug":"wpforms-lite","init":"wpforms-lite\/wpforms.php","name":"WPForms Lite"}]}},"related-bb-template":"","related-elementor-template":"","related-gutenberg-template":"","related_ecommerce_template":"","ecommerce_parent_template":""},"id-49316":{"title":"Musical Instruments","id":49316,"publish-date":1608714983,"featured-image-url":"https:\/\/websitedemos.net\/wp-content\/uploads\/2020\/12\/musical-instrument-maker-02-home.jpg","thumbnail-image-url":"https:\/\/websitedemos.net\/wp-content\/uploads\/2020\/12\/musical-instrument-maker-02-home.jpg","fullpage-thumbnail-image-url":"https:\/\/websitedemos.net\/wp-content\/uploads\/2020\/12\/musical-instrument-maker-02-home.jpg","astra-site-url":"\/\/websitedemos.net\/musical-instrument-maker-02","astra-site-parent-id":1811,"astra-sites-tag":{"2248":"guitar-maker","2249":"instrumentalist","407":"music","2250":"music-craftsperson","2246":"music-instrument","1814":"musical-instrument-maker"},"astra-sites-type":"free","astra-site-category":{"27":"business","39":"free"},"astra-sites-template-category":{"2802":"artist","2777":"business","2781":"music","2770":"personal"},"astra-site-page-builder":"elementor","categories":{"2486":"art-music"},"required-plugins":[{"slug":"elementor","init":"elementor\/elementor.php","name":"Elementor"},{"slug":"wpforms-lite","init":"wpforms-lite\/wpforms.php","name":"WPForms Lite"}],"post-status":"publish","post-content":"<!-- wp:paragraph -->\n<p>The Musical Instruments template could be perfect for instrument makers, musicians, bands and anyone involved in the music industry. It\u2019s a light theme with lots of whitespace, an engaging header with image, video and audio elements, product areas and a range of flexible content areas throughout.<\/p>\n<!-- \/wp:paragraph -->\n\n<!-- wp:paragraph -->\n<p>There is also the opportunity to integrate with WooCommerce and sell directly from your website, ideal for selling records, instruments and anything you care to sell.<\/p>\n<!-- \/wp:paragraph -->\n\n<!-- wp:heading {\"UAGDay\":[]} -->\n<h2 class=\"wp-block-heading\">Key features of the Musical Instruments template<\/h2>\n<!-- \/wp:heading -->\n\n<!-- wp:list -->\n<ul><!-- wp:list-item -->\n<li>Light theme with great balance and plenty of whitespace<\/li>\n<!-- \/wp:list-item -->\n\n<!-- wp:list-item -->\n<li>Supports video and audio<\/li>\n<!-- \/wp:list-item -->\n\n<!-- wp:list-item -->\n<li>Flexible content areas you can customize with ease<\/li>\n<!-- \/wp:list-item -->\n\n<!-- wp:list-item -->\n<li>Integrate with WooCommerce to sell direct from your website<\/li>\n<!-- \/wp:list-item -->\n\n<!-- wp:list-item -->\n<li>Full compatibility with leading page builders<\/li>\n<!-- \/wp:list-item --><\/ul>\n<!-- \/wp:list -->","post-excerpt":"Light web template for musicians, instrument makers and music businesses","pages":{"id-49317":{"title":"Artists","featured-image-url":"https:\/\/websitedemos.net\/wp-content\/uploads\/2020\/12\/musical-instrument-maker-02-artists.jpg","thumbnail-image-url":"https:\/\/websitedemos.net\/wp-content\/uploads\/2020\/12\/musical-instrument-maker-02-artists.jpg","astra-page-api-url":"https:\/\/websitedemos.net\/musical-instrument-maker-02\/wp-json\/wp\/v2\/pages\/405","dynamic-page":"no","astra-page-url":"\/\/websitedemos.net\/musical-instrument-maker-02\/artists\/","astra-sites-tag":{"339":"artist"},"site-pages-type":"free","site-pages-page-builder":"elementor","site-pages-category":[],"site-pages-parent-category":{"60":"business","61":"free"},"required-plugins":[{"slug":"elementor","init":"elementor\/elementor.php","name":"Elementor"}]},"id-49318":{"title":"Contact","featured-image-url":"https:\/\/websitedemos.net\/wp-content\/uploads\/2020\/12\/musical-instrument-maker-02-contact.jpg","thumbnail-image-url":"https:\/\/websitedemos.net\/wp-content\/uploads\/2020\/12\/musical-instrument-maker-02-contact.jpg","astra-page-api-url":"https:\/\/websitedemos.net\/musical-instrument-maker-02\/wp-json\/wp\/v2\/pages\/760","dynamic-page":"no","astra-page-url":"\/\/websitedemos.net\/musical-instrument-maker-02\/contact\/","astra-sites-tag":{"415":"contact"},"site-pages-type":"free","site-pages-page-builder":"elementor","site-pages-category":[],"site-pages-parent-category":{"60":"business","61":"free"},"required-plugins":[{"slug":"elementor","init":"elementor\/elementor.php","name":"Elementor"},{"slug":"wpforms-lite","init":"wpforms-lite\/wpforms.php","name":"WPForms Lite"}]},"id-49319":{"title":"Guitars","featured-image-url":"https:\/\/websitedemos.net\/wp-content\/uploads\/2020\/12\/musical-instrument-maker-02-guitars.jpg","thumbnail-image-url":"https:\/\/websitedemos.net\/wp-content\/uploads\/2020\/12\/musical-instrument-maker-02-guitars.jpg","astra-page-api-url":"https:\/\/websitedemos.net\/musical-instrument-maker-02\/wp-json\/wp\/v2\/pages\/338","dynamic-page":"no","astra-page-url":"\/\/websitedemos.net\/musical-instrument-maker-02\/guitars\/","astra-sites-tag":{"1815":"guitars","540":"products"},"site-pages-type":"free","site-pages-page-builder":"elementor","site-pages-category":[],"site-pages-parent-category":{"60":"business","61":"free"},"required-plugins":[{"slug":"elementor","init":"elementor\/elementor.php","name":"Elementor"}]},"id-49320":{"title":"Home","featured-image-url":"https:\/\/websitedemos.net\/wp-content\/uploads\/2020\/12\/musical-instrument-maker-02-home.jpg","thumbnail-image-url":"https:\/\/websitedemos.net\/wp-content\/uploads\/2020\/12\/musical-instrument-maker-02-home.jpg","astra-page-api-url":"https:\/\/websitedemos.net\/musical-instrument-maker-02\/wp-json\/wp\/v2\/pages\/4","dynamic-page":"no","astra-page-url":"\/\/websitedemos.net\/musical-instrument-maker-02\/","astra-sites-tag":{"423":"home"},"site-pages-type":"free","site-pages-page-builder":"elementor","site-pages-category":[],"site-pages-parent-category":{"60":"business","61":"free"},"required-plugins":[{"slug":"elementor","init":"elementor\/elementor.php","name":"Elementor"}]},"id-49321":{"title":"Our Story","featured-image-url":"https:\/\/websitedemos.net\/wp-content\/uploads\/2020\/12\/musical-instrument-maker-02-about.jpg","thumbnail-image-url":"https:\/\/websitedemos.net\/wp-content\/uploads\/2020\/12\/musical-instrument-maker-02-about.jpg","astra-page-api-url":"https:\/\/websitedemos.net\/musical-instrument-maker-02\/wp-json\/wp\/v2\/pages\/612","dynamic-page":"no","astra-page-url":"\/\/websitedemos.net\/musical-instrument-maker-02\/our-story\/","astra-sites-tag":{"455":"about-us","905":"our-story"},"site-pages-type":"free","site-pages-page-builder":"elementor","site-pages-category":[],"site-pages-parent-category":{"60":"business","61":"free"},"required-plugins":[{"slug":"elementor","init":"elementor\/elementor.php","name":"Elementor"}]}},"related-bb-template":"","related-elementor-template":49316,"related-gutenberg-template":56632,"related_ecommerce_template":"","ecommerce_parent_template":""},"id-56632":{"title":"Musical Instruments","id":56632,"publish-date":1624912490,"featured-image-url":"https:\/\/websitedemos.net\/wp-content\/uploads\/2021\/06\/musical-instrument-maker-08-home.jpg","thumbnail-image-url":"https:\/\/websitedemos.net\/wp-content\/uploads\/2021\/06\/musical-instrument-maker-08-home.jpg","fullpage-thumbnail-image-url":"https:\/\/websitedemos.net\/wp-content\/uploads\/2021\/06\/musical-instrument-maker-08-home.jpg","astra-site-url":"\/\/websitedemos.net\/musical-instrument-maker-08","astra-site-parent-id":2245,"astra-sites-tag":{"2248":"guitar-maker","2249":"instrumentalist","407":"music","2250":"music-craftsperson","2246":"music-instrument","1814":"musical-instrument-maker"},"astra-sites-type":"free","astra-site-category":{"27":"business","39":"free"},"astra-sites-template-category":{"2802":"artist","2777":"business","2781":"music","2770":"personal"},"astra-site-page-builder":"gutenberg","categories":{"2486":"art-music"},"required-plugins":[{"slug":"ultimate-addons-for-gutenberg","init":"ultimate-addons-for-gutenberg\/ultimate-addons-for-gutenberg.php","name":"Spectra"}],"post-status":"publish","post-content":"","post-excerpt":"","pages":{"id-56633":{"title":"Artists","featured-image-url":"https:\/\/websitedemos.net\/wp-content\/uploads\/2021\/06\/musical-instrument-maker-08-artists.jpg","thumbnail-image-url":"https:\/\/websitedemos.net\/wp-content\/uploads\/2021\/06\/musical-instrument-maker-08-artists.jpg","astra-page-api-url":"https:\/\/websitedemos.net\/musical-instrument-maker-08\/wp-json\/wp\/v2\/pages\/984","dynamic-page":"no","astra-page-url":"\/\/websitedemos.net\/musical-instrument-maker-08\/artists\/","astra-sites-tag":{"339":"artist"},"site-pages-type":"free","site-pages-page-builder":"gutenberg","site-pages-category":[],"site-pages-parent-category":{"60":"business","61":"free"},"required-plugins":[{"slug":"ultimate-addons-for-gutenberg","init":"ultimate-addons-for-gutenberg\/ultimate-addons-for-gutenberg.php","name":"Spectra"}]},"id-56634":{"title":"Contact","featured-image-url":"https:\/\/websitedemos.net\/wp-content\/uploads\/2021\/06\/musical-instrument-maker-08-contact.jpg","thumbnail-image-url":"https:\/\/websitedemos.net\/wp-content\/uploads\/2021\/06\/musical-instrument-maker-08-contact.jpg","astra-page-api-url":"https:\/\/websitedemos.net\/musical-instrument-maker-08\/wp-json\/wp\/v2\/pages\/988","dynamic-page":"no","astra-page-url":"\/\/websitedemos.net\/musical-instrument-maker-08\/contact\/","astra-sites-tag":{"415":"contact"},"site-pages-type":"free","site-pages-page-builder":"gutenberg","site-pages-category":[],"site-pages-parent-category":{"60":"business","61":"free"},"required-plugins":[{"slug":"ultimate-addons-for-gutenberg","init":"ultimate-addons-for-gutenberg\/ultimate-addons-for-gutenberg.php","name":"Spectra"}]},"id-56635":{"title":"Guitars","featured-image-url":"https:\/\/websitedemos.net\/wp-content\/uploads\/2021\/06\/musical-instrument-maker-08-guitars.jpg","thumbnail-image-url":"https:\/\/websitedemos.net\/wp-content\/uploads\/2021\/06\/musical-instrument-maker-08-guitars.jpg","astra-page-api-url":"https:\/\/websitedemos.net\/musical-instrument-maker-08\/wp-json\/wp\/v2\/pages\/982","dynamic-page":"no","astra-page-url":"\/\/websitedemos.net\/musical-instrument-maker-08\/guitars\/","astra-sites-tag":{"1815":"guitars"},"site-pages-type":"free","site-pages-page-builder":"gutenberg","site-pages-category":[],"site-pages-parent-category":{"60":"business","61":"free"},"required-plugins":[{"slug":"ultimate-addons-for-gutenberg","init":"ultimate-addons-for-gutenberg\/ultimate-addons-for-gutenberg.php","name":"Spectra"}]},"id-56636":{"title":"Home","featured-image-url":"https:\/\/websitedemos.net\/wp-content\/uploads\/2021\/06\/musical-instrument-maker-08-home.jpg","thumbnail-image-url":"https:\/\/websitedemos.net\/wp-content\/uploads\/2021\/06\/musical-instrument-maker-08-home.jpg","astra-page-api-url":"https:\/\/websitedemos.net\/musical-instrument-maker-08\/wp-json\/wp\/v2\/pages\/980","dynamic-page":"no","astra-page-url":"\/\/websitedemos.net\/musical-instrument-maker-08\/","astra-sites-tag":{"423":"home"},"site-pages-type":"free","site-pages-page-builder":"gutenberg","site-pages-category":[],"site-pages-parent-category":{"60":"business","61":"free"},"required-plugins":[{"slug":"ultimate-addons-for-gutenberg","init":"ultimate-addons-for-gutenberg\/ultimate-addons-for-gutenberg.php","name":"Spectra"}]},"id-56637":{"title":"Our Story","featured-image-url":"https:\/\/websitedemos.net\/wp-content\/uploads\/2021\/06\/musical-instrument-maker-08-our-story.jpg","thumbnail-image-url":"https:\/\/websitedemos.net\/wp-content\/uploads\/2021\/06\/musical-instrument-maker-08-our-story.jpg","astra-page-api-url":"https:\/\/websitedemos.net\/musical-instrument-maker-08\/wp-json\/wp\/v2\/pages\/986","dynamic-page":"no","astra-page-url":"\/\/websitedemos.net\/musical-instrument-maker-08\/our-story\/","astra-sites-tag":{"352":"about","905":"our-story"},"site-pages-type":"free","site-pages-page-builder":"gutenberg","site-pages-category":[],"site-pages-parent-category":{"60":"business","61":"free"},"required-plugins":[{"slug":"ultimate-addons-for-gutenberg","init":"ultimate-addons-for-gutenberg\/ultimate-addons-for-gutenberg.php","name":"Spectra"}]}},"related-bb-template":"","related-elementor-template":"","related-gutenberg-template":"","related_ecommerce_template":"","ecommerce_parent_template":""},"id-55844":{"title":"Real Estate Agency","id":55844,"publish-date":1627060163,"featured-image-url":"https:\/\/websitedemos.net\/wp-content\/uploads\/2021\/07\/real-estate-agency-04-homepage-02.jpg","thumbnail-image-url":"https:\/\/websitedemos.net\/wp-content\/uploads\/2021\/07\/real-estate-agency-04-homepage-02.jpg","fullpage-thumbnail-image-url":"https:\/\/websitedemos.net\/wp-content\/uploads\/2021\/07\/real-estate-agency-04-homepage-02.jpg","astra-site-url":"\/\/websitedemos.net\/real-estate-agency-04","astra-site-parent-id":2221,"astra-sites-tag":{"2311":"construction-agency","2088":"construction-company","2313":"property-rentals","485":"real-estate","2310":"real-estate-agency","2314":"real-estate-developers","2312":"sales-property"},"astra-sites-type":"agency-mini","astra-site-category":{"27":"business"},"astra-sites-template-category":{"2777":"business","2836":"construction","2832":"property","2778":"real-estate"},"astra-site-page-builder":"elementor","categories":{"2484":"real-estate"},"required-plugins":[{"slug":"elementor","init":"elementor\/elementor.php","name":"Elementor"},{"slug":"wpforms-lite","init":"wpforms-lite\/wpforms.php","name":"WPForms Lite"}],"post-status":"publish","post-content":"<!-- wp:paragraph -->\n<p>The Real Estate Agency template is an upmarket design ideal for architects, real estate, property management and other uses. It\u2019s a full screen template with lots of whitespace and strong fonts and images. Ideal for the industry.<\/p>\n<!-- \/wp:paragraph -->\n\n<!-- wp:paragraph -->\n<p>The homepage includes lots of content areas to outline your services and a featured listing section to showcase properties, it also includes a contact form, testimonials section and clear navigation. Everything you see can be easily customized to fit your exact needs too!<\/p>\n<!-- \/wp:paragraph -->\n\n<!-- wp:heading -->\n<h2>Key features of the Real Estate Agency template<\/h2>\n<!-- \/wp:heading -->\n\n<!-- wp:list -->\n<ul><li>Upmarket design ideal for architects, real estate and property management<\/li><li>Superb layout with plenty of whitespace<\/li><li>Featured properties section<\/li><li>Customizable content areas throughout the template<\/li><li>Full compatibility with leading page builders<\/li><\/ul>\n<!-- \/wp:list -->","post-excerpt":"Upmarket web design ideal for architects, real estate and property management","pages":{"id-55845":{"title":"About","featured-image-url":"https:\/\/websitedemos.net\/wp-content\/uploads\/2021\/07\/real-estate-agency-04-about.jpg","thumbnail-image-url":"https:\/\/websitedemos.net\/wp-content\/uploads\/2021\/07\/real-estate-agency-04-about.jpg","astra-page-api-url":"https:\/\/websitedemos.net\/real-estate-agency-04\/wp-json\/wp\/v2\/pages\/23","dynamic-page":"no","astra-page-url":"\/\/websitedemos.net\/real-estate-agency-04\/about\/","astra-sites-tag":{"352":"about"},"site-pages-type":"agency-mini","site-pages-page-builder":"elementor","site-pages-category":[],"site-pages-parent-category":{"60":"business"},"required-plugins":[{"slug":"elementor","init":"elementor\/elementor.php","name":"Elementor"}]},"id-55846":{"title":"Contact","featured-image-url":"https:\/\/websitedemos.net\/wp-content\/uploads\/2021\/07\/real-estate-agency-04-contact.jpg","thumbnail-image-url":"https:\/\/websitedemos.net\/wp-content\/uploads\/2021\/07\/real-estate-agency-04-contact.jpg","astra-page-api-url":"https:\/\/websitedemos.net\/real-estate-agency-04\/wp-json\/wp\/v2\/pages\/34","dynamic-page":"no","astra-page-url":"\/\/websitedemos.net\/real-estate-agency-04\/contact\/","astra-sites-tag":{"415":"contact"},"site-pages-type":"agency-mini","site-pages-page-builder":"elementor","site-pages-category":[],"site-pages-parent-category":{"60":"business"},"required-plugins":[{"slug":"elementor","init":"elementor\/elementor.php","name":"Elementor"},{"slug":"wpforms-lite","init":"wpforms-lite\/wpforms.php","name":"WPForms Lite"}]},"id-55847":{"title":"Exclusive Listing","featured-image-url":"https:\/\/websitedemos.net\/wp-content\/uploads\/2021\/07\/real-estate-agency-04-exclusive-listing.jpg","thumbnail-image-url":"https:\/\/websitedemos.net\/wp-content\/uploads\/2021\/07\/real-estate-agency-04-exclusive-listing.jpg","astra-page-api-url":"https:\/\/websitedemos.net\/real-estate-agency-04\/wp-json\/wp\/v2\/pages\/120","dynamic-page":"no","astra-page-url":"\/\/websitedemos.net\/real-estate-agency-04\/exclusive-listing\/","astra-sites-tag":{"2304":"exclusive-listing"},"site-pages-type":"agency-mini","site-pages-page-builder":"elementor","site-pages-category":[],"site-pages-parent-category":{"60":"business"},"required-plugins":[{"slug":"elementor","init":"elementor\/elementor.php","name":"Elementor"}]},"id-55848":{"title":"Exclusive Rental","featured-image-url":"https:\/\/websitedemos.net\/wp-content\/uploads\/2021\/07\/real-estate-agency-04-exclusive-rental.jpg","thumbnail-image-url":"https:\/\/websitedemos.net\/wp-content\/uploads\/2021\/07\/real-estate-agency-04-exclusive-rental.jpg","astra-page-api-url":"https:\/\/websitedemos.net\/real-estate-agency-04\/wp-json\/wp\/v2\/pages\/122","dynamic-page":"no","astra-page-url":"\/\/websitedemos.net\/real-estate-agency-04\/exclusive-rental\/","astra-sites-tag":{"2305":"exclusive-rental"},"site-pages-type":"agency-mini","site-pages-page-builder":"elementor","site-pages-category":[],"site-pages-parent-category":{"60":"business"},"required-plugins":[{"slug":"elementor","init":"elementor\/elementor.php","name":"Elementor"}]},"id-55849":{"title":"Home","featured-image-url":"https:\/\/websitedemos.net\/wp-content\/uploads\/2021\/07\/real-estate-agency-04-homepage-02.jpg","thumbnail-image-url":"https:\/\/websitedemos.net\/wp-content\/uploads\/2021\/07\/real-estate-agency-04-homepage-02.jpg","astra-page-api-url":"https:\/\/websitedemos.net\/real-estate-agency-04\/wp-json\/wp\/v2\/pages\/37","dynamic-page":"no","astra-page-url":"\/\/websitedemos.net\/real-estate-agency-04\/","astra-sites-tag":{"423":"home"},"site-pages-type":"agency-mini","site-pages-page-builder":"elementor","site-pages-category":[],"site-pages-parent-category":{"60":"business"},"required-plugins":[{"slug":"elementor","init":"elementor\/elementor.php","name":"Elementor"},{"slug":"wpforms-lite","init":"wpforms-lite\/wpforms.php","name":"WPForms Lite"}]},"id-55850":{"title":"Locations","featured-image-url":"https:\/\/websitedemos.net\/wp-content\/uploads\/2021\/07\/real-estate-agency-04-locations.jpg","thumbnail-image-url":"https:\/\/websitedemos.net\/wp-content\/uploads\/2021\/07\/real-estate-agency-04-locations.jpg","astra-page-api-url":"https:\/\/websitedemos.net\/real-estate-agency-04\/wp-json\/wp\/v2\/pages\/111","dynamic-page":"no","astra-page-url":"\/\/websitedemos.net\/real-estate-agency-04\/neighborhoods\/","astra-sites-tag":{"2306":"locations","2307":"nearby-places"},"site-pages-type":"agency-mini","site-pages-page-builder":"elementor","site-pages-category":[],"site-pages-parent-category":{"60":"business"},"required-plugins":[{"slug":"elementor","init":"elementor\/elementor.php","name":"Elementor"}]},"id-55851":{"title":"Luxury Buildings","featured-image-url":"https:\/\/websitedemos.net\/wp-content\/uploads\/2021\/07\/real-estate-agency-04-luxury-buildings.jpg","thumbnail-image-url":"https:\/\/websitedemos.net\/wp-content\/uploads\/2021\/07\/real-estate-agency-04-luxury-buildings.jpg","astra-page-api-url":"https:\/\/websitedemos.net\/real-estate-agency-04\/wp-json\/wp\/v2\/pages\/124","dynamic-page":"no","astra-page-url":"\/\/websitedemos.net\/real-estate-agency-04\/luxury-buildings\/","astra-sites-tag":{"2308":"luxury-buildings"},"site-pages-type":"agency-mini","site-pages-page-builder":"elementor","site-pages-category":[],"site-pages-parent-category":{"60":"business"},"required-plugins":[{"slug":"elementor","init":"elementor\/elementor.php","name":"Elementor"}]}},"related-bb-template":"","related-elementor-template":"","related-gutenberg-template":"","related_ecommerce_template":"","ecommerce_parent_template":""},"id-18882":{"title":"Deeplight Restaurant","id":18882,"publish-date":1536651360,"featured-image-url":"https:\/\/websitedemos.net\/wp-content\/uploads\/2019\/07\/restaurant-04-home-1.jpg","thumbnail-image-url":"https:\/\/websitedemos.net\/wp-content\/uploads\/2019\/07\/restaurant-04-home-1.jpg","fullpage-thumbnail-image-url":"https:\/\/websitedemos.net\/wp-content\/uploads\/2019\/07\/restaurant-04-home-1.jpg","astra-site-url":"\/\/websitedemos.net\/restaurant-04","astra-site-parent-id":113,"astra-sites-tag":{"562":"bistro","972":"club","560":"cuisine","561":"eatery","336":"food","350":"hotel","559":"outlet","335":"restaurant","970":"restro","971":"restro-bar"},"astra-sites-type":"agency-mini","astra-site-category":{"27":"business"},"astra-sites-template-category":{"2777":"business","2785":"food","2876":"food-ordering","2776":"restaurant"},"astra-site-page-builder":"elementor","categories":{"2496":"restaurant-food"},"required-plugins":[{"slug":"elementor","init":"elementor\/elementor.php","name":"Elementor"},{"slug":"ultimate-elementor","init":"ultimate-elementor\/ultimate-elementor.php","name":"Ultimate Addons for Elementor"},{"slug":"wpforms-lite","init":"wpforms-lite\/wpforms.php","name":"WPForms Lite"}],"post-status":"publish","post-content":"<!-- wp:paragraph -->\n<p>The Deeplight Restaurant template is a cool, contemporary design with a full screen image, central navigation and a subtle arrow directing you down. Further down the homepage, things lighten up with a white background and lots of image options.<\/p>\n<!-- \/wp:paragraph -->\n\n<!-- wp:paragraph -->\n<p>The design includes lots of options for content, a menu section, testimonials, booking option and contact details. Everything a food business would want from a page. There are also relevant extra pages suitable for the niche.<\/p>\n<!-- \/wp:paragraph -->\n\n<!-- wp:heading -->\n<h2>Key features of the Deeplight Restaurant template<\/h2>\n<!-- \/wp:heading -->\n\n<!-- wp:list -->\n<ul><li>Contemporary design with modern touches throughout<\/li><li>Sections for menus, images and testimonials<\/li><li>Subtle graphic encourages you to scroll down<\/li><li>Extra pages relevant to food businesses<\/li><li>Full compatibility with leading page builders<\/li><\/ul>\n<!-- \/wp:list -->","post-excerpt":"Contemporary website template ideal for cafes, restaurants and food businesses","pages":{"id-23049":{"title":"Home","featured-image-url":"https:\/\/websitedemos.net\/wp-content\/uploads\/2019\/07\/restaurant-04-home-1.jpg","thumbnail-image-url":"https:\/\/websitedemos.net\/wp-content\/uploads\/2019\/07\/restaurant-04-home-1.jpg","astra-page-api-url":"https:\/\/websitedemos.net\/restaurant-04\/wp-json\/wp\/v2\/pages\/34","dynamic-page":"no","astra-page-url":"\/\/websitedemos.net\/restaurant-04\/","astra-sites-tag":{"423":"home"},"site-pages-type":"agency-mini","site-pages-page-builder":"elementor","site-pages-category":[],"site-pages-parent-category":{"60":"business"},"required-plugins":[{"slug":"elementor","init":"elementor\/elementor.php","name":"Elementor"},{"slug":"ultimate-elementor","init":"ultimate-elementor\/ultimate-elementor.php","name":"Ultimate Addons for Elementor"}]},"id-23050":{"title":"Menu","featured-image-url":"https:\/\/websitedemos.net\/wp-content\/uploads\/2019\/07\/restaurant-04-menu-1.jpg","thumbnail-image-url":"https:\/\/websitedemos.net\/wp-content\/uploads\/2019\/07\/restaurant-04-menu-1.jpg","astra-page-api-url":"https:\/\/websitedemos.net\/restaurant-04\/wp-json\/wp\/v2\/pages\/35","dynamic-page":"no","astra-page-url":"\/\/websitedemos.net\/restaurant-04\/menu\/","astra-sites-tag":{"565":"menu"},"site-pages-type":"agency-mini","site-pages-page-builder":"elementor","site-pages-category":[],"site-pages-parent-category":{"60":"business"},"required-plugins":[{"slug":"elementor","init":"elementor\/elementor.php","name":"Elementor"},{"slug":"ultimate-elementor","init":"ultimate-elementor\/ultimate-elementor.php","name":"Ultimate Addons for Elementor"}]},"id-23045":{"title":"About","featured-image-url":"https:\/\/websitedemos.net\/wp-content\/uploads\/2019\/07\/restaurant-04-about-2.jpg","thumbnail-image-url":"https:\/\/websitedemos.net\/wp-content\/uploads\/2019\/07\/restaurant-04-about-2.jpg","astra-page-api-url":"https:\/\/websitedemos.net\/restaurant-04\/wp-json\/wp\/v2\/pages\/36","dynamic-page":"no","astra-page-url":"\/\/websitedemos.net\/restaurant-04\/about\/","astra-sites-tag":{"352":"about"},"site-pages-type":"agency-mini","site-pages-page-builder":"elementor","site-pages-category":[],"site-pages-parent-category":{"60":"business"},"required-plugins":[{"slug":"elementor","init":"elementor\/elementor.php","name":"Elementor"},{"slug":"ultimate-elementor","init":"ultimate-elementor\/ultimate-elementor.php","name":"Ultimate Addons for Elementor"}]},"id-23048":{"title":"Gallery","featured-image-url":"https:\/\/websitedemos.net\/wp-content\/uploads\/2019\/07\/restaurant-04-gallery.jpg","thumbnail-image-url":"https:\/\/websitedemos.net\/wp-content\/uploads\/2019\/07\/restaurant-04-gallery.jpg","astra-page-api-url":"https:\/\/websitedemos.net\/restaurant-04\/wp-json\/wp\/v2\/pages\/37","dynamic-page":"no","astra-page-url":"\/\/websitedemos.net\/restaurant-04\/gallery\/","astra-sites-tag":{"461":"gallery"},"site-pages-type":"agency-mini","site-pages-page-builder":"elementor","site-pages-category":[],"site-pages-parent-category":{"60":"business"},"required-plugins":[{"slug":"elementor","init":"elementor\/elementor.php","name":"Elementor"},{"slug":"ultimate-elementor","init":"ultimate-elementor\/ultimate-elementor.php","name":"Ultimate Addons for Elementor"}]},"id-23051":{"title":"Testimonials","featured-image-url":"https:\/\/websitedemos.net\/wp-content\/uploads\/2019\/07\/restaurant-04-testimonials-1.jpg","thumbnail-image-url":"https:\/\/websitedemos.net\/wp-content\/uploads\/2019\/07\/restaurant-04-testimonials-1.jpg","astra-page-api-url":"https:\/\/websitedemos.net\/restaurant-04\/wp-json\/wp\/v2\/pages\/38","dynamic-page":"no","astra-page-url":"\/\/websitedemos.net\/restaurant-04\/testimonials\/","astra-sites-tag":{"433":"testimonials"},"site-pages-type":"agency-mini","site-pages-page-builder":"elementor","site-pages-category":[],"site-pages-parent-category":{"60":"business"},"required-plugins":[{"slug":"elementor","init":"elementor\/elementor.php","name":"Elementor"},{"slug":"ultimate-elementor","init":"ultimate-elementor\/ultimate-elementor.php","name":"Ultimate Addons for Elementor"}]},"id-23047":{"title":"Contact","featured-image-url":"https:\/\/websitedemos.net\/wp-content\/uploads\/2019\/07\/restaurant-04-contact-1.jpg","thumbnail-image-url":"https:\/\/websitedemos.net\/wp-content\/uploads\/2019\/07\/restaurant-04-contact-1.jpg","astra-page-api-url":"https:\/\/websitedemos.net\/restaurant-04\/wp-json\/wp\/v2\/pages\/39","dynamic-page":"no","astra-page-url":"\/\/websitedemos.net\/restaurant-04\/contact\/","astra-sites-tag":{"415":"contact"},"site-pages-type":"agency-mini","site-pages-page-builder":"elementor","site-pages-category":[],"site-pages-parent-category":{"60":"business"},"required-plugins":[{"slug":"elementor","init":"elementor\/elementor.php","name":"Elementor"},{"slug":"ultimate-elementor","init":"ultimate-elementor\/ultimate-elementor.php","name":"Ultimate Addons for Elementor"},{"slug":"wpforms-lite","init":"wpforms-lite\/wpforms.php","name":"WPForms Lite"}]}},"related-bb-template":19058,"related-elementor-template":18882,"related-gutenberg-template":"","related_ecommerce_template":"","ecommerce_parent_template":""},"id-19058":{"title":"Deeplight Restaurant","id":19058,"publish-date":1536648815,"featured-image-url":"https:\/\/websitedemos.net\/wp-content\/uploads\/2019\/07\/restaurant-03-home-1.jpg","thumbnail-image-url":"https:\/\/websitedemos.net\/wp-content\/uploads\/2019\/07\/restaurant-03-home-1.jpg","fullpage-thumbnail-image-url":"https:\/\/websitedemos.net\/wp-content\/uploads\/2019\/07\/restaurant-03-home-1.jpg","astra-site-url":"\/\/websitedemos.net\/restaurant-03","astra-site-parent-id":114,"astra-sites-tag":{"562":"bistro","972":"club","560":"cuisine","561":"eatery","336":"food","350":"hotel","559":"outlet","335":"restaurant","970":"restro","971":"restro-bar"},"astra-sites-type":"agency-mini","astra-site-category":{"27":"business"},"astra-sites-template-category":[],"astra-site-page-builder":"beaver-builder","categories":{"2496":"restaurant-food"},"required-plugins":[{"slug":"beaver-builder-lite-version","init":"beaver-builder-lite-version\/fl-builder.php","name":"Beaver Builder Plugin (Lite Version)"},{"slug":"bb-ultimate-addon","init":"bb-ultimate-addon\/bb-ultimate-addon.php","name":"Ultimate Addons for Beaver Builder"},{"slug":"wpforms-lite","init":"wpforms-lite\/wpforms.php","name":"WPForms Lite"}],"post-status":"publish","post-content":"","post-excerpt":"","pages":{"id-23063":{"title":"Home","featured-image-url":"https:\/\/websitedemos.net\/wp-content\/uploads\/2019\/07\/restaurant-03-home-1.jpg","thumbnail-image-url":"https:\/\/websitedemos.net\/wp-content\/uploads\/2019\/07\/restaurant-03-home-1.jpg","astra-page-api-url":"https:\/\/websitedemos.net\/restaurant-03\/wp-json\/wp\/v2\/pages\/34","dynamic-page":"no","astra-page-url":"\/\/websitedemos.net\/restaurant-03\/","astra-sites-tag":{"423":"home"},"site-pages-type":"agency-mini","site-pages-page-builder":"beaver-builder","site-pages-category":[],"site-pages-parent-category":{"60":"business"},"required-plugins":[{"slug":"beaver-builder-lite-version","init":"beaver-builder-lite-version\/fl-builder.php","name":"Beaver Builder Plugin (Lite Version)"},{"slug":"bb-ultimate-addon","init":"bb-ultimate-addon\/bb-ultimate-addon.php","name":"Ultimate Addons for Beaver Builder"}]},"id-23064":{"title":"Menu","featured-image-url":"https:\/\/websitedemos.net\/wp-content\/uploads\/2019\/07\/restaurant-03-menu.jpg","thumbnail-image-url":"https:\/\/websitedemos.net\/wp-content\/uploads\/2019\/07\/restaurant-03-menu.jpg","astra-page-api-url":"https:\/\/websitedemos.net\/restaurant-03\/wp-json\/wp\/v2\/pages\/35","dynamic-page":"no","astra-page-url":"\/\/websitedemos.net\/restaurant-03\/menu\/","astra-sites-tag":{"565":"menu"},"site-pages-type":"agency-mini","site-pages-page-builder":"beaver-builder","site-pages-category":[],"site-pages-parent-category":{"60":"business"},"required-plugins":[{"slug":"beaver-builder-lite-version","init":"beaver-builder-lite-version\/fl-builder.php","name":"Beaver Builder Plugin (Lite Version)"},{"slug":"bb-ultimate-addon","init":"bb-ultimate-addon\/bb-ultimate-addon.php","name":"Ultimate Addons for Beaver Builder"}]},"id-23059":{"title":"About","featured-image-url":"https:\/\/websitedemos.net\/wp-content\/uploads\/2019\/07\/restaurant-03-about.jpg","thumbnail-image-url":"https:\/\/websitedemos.net\/wp-content\/uploads\/2019\/07\/restaurant-03-about.jpg","astra-page-api-url":"https:\/\/websitedemos.net\/restaurant-03\/wp-json\/wp\/v2\/pages\/36","dynamic-page":"no","astra-page-url":"\/\/websitedemos.net\/restaurant-03\/about\/","astra-sites-tag":{"352":"about"},"site-pages-type":"agency-mini","site-pages-page-builder":"beaver-builder","site-pages-category":[],"site-pages-parent-category":{"60":"business"},"required-plugins":[{"slug":"beaver-builder-lite-version","init":"beaver-builder-lite-version\/fl-builder.php","name":"Beaver Builder Plugin (Lite Version)"},{"slug":"bb-ultimate-addon","init":"bb-ultimate-addon\/bb-ultimate-addon.php","name":"Ultimate Addons for Beaver Builder"}]},"id-23062":{"title":"Gallery","featured-image-url":"https:\/\/websitedemos.net\/wp-content\/uploads\/2019\/07\/restaurant-03-gallery-1.jpg","thumbnail-image-url":"https:\/\/websitedemos.net\/wp-content\/uploads\/2019\/07\/restaurant-03-gallery-1.jpg","astra-page-api-url":"https:\/\/websitedemos.net\/restaurant-03\/wp-json\/wp\/v2\/pages\/37","dynamic-page":"no","astra-page-url":"\/\/websitedemos.net\/restaurant-03\/gallery\/","astra-sites-tag":{"461":"gallery"},"site-pages-type":"agency-mini","site-pages-page-builder":"beaver-builder","site-pages-category":[],"site-pages-parent-category":{"60":"business"},"required-plugins":[{"slug":"beaver-builder-lite-version","init":"beaver-builder-lite-version\/fl-builder.php","name":"Beaver Builder Plugin (Lite Version)"},{"slug":"bb-ultimate-addon","init":"bb-ultimate-addon\/bb-ultimate-addon.php","name":"Ultimate Addons for Beaver Builder"}]},"id-23065":{"title":"Testimonials","featured-image-url":"https:\/\/websitedemos.net\/wp-content\/uploads\/2019\/07\/restaurant-03-reviews.jpg","thumbnail-image-url":"https:\/\/websitedemos.net\/wp-content\/uploads\/2019\/07\/restaurant-03-reviews.jpg","astra-page-api-url":"https:\/\/websitedemos.net\/restaurant-03\/wp-json\/wp\/v2\/pages\/38","dynamic-page":"no","astra-page-url":"\/\/websitedemos.net\/restaurant-03\/testimonials\/","astra-sites-tag":{"433":"testimonials"},"site-pages-type":"agency-mini","site-pages-page-builder":"beaver-builder","site-pages-category":[],"site-pages-parent-category":{"60":"business"},"required-plugins":[{"slug":"beaver-builder-lite-version","init":"beaver-builder-lite-version\/fl-builder.php","name":"Beaver Builder Plugin (Lite Version)"},{"slug":"bb-ultimate-addon","init":"bb-ultimate-addon\/bb-ultimate-addon.php","name":"Ultimate Addons for Beaver Builder"}]},"id-23061":{"title":"Contact","featured-image-url":"https:\/\/websitedemos.net\/wp-content\/uploads\/2019\/07\/restaurant-03-contact-1.jpg","thumbnail-image-url":"https:\/\/websitedemos.net\/wp-content\/uploads\/2019\/07\/restaurant-03-contact-1.jpg","astra-page-api-url":"https:\/\/websitedemos.net\/restaurant-03\/wp-json\/wp\/v2\/pages\/39","dynamic-page":"no","astra-page-url":"\/\/websitedemos.net\/restaurant-03\/contact\/","astra-sites-tag":{"415":"contact"},"site-pages-type":"agency-mini","site-pages-page-builder":"beaver-builder","site-pages-category":[],"site-pages-parent-category":{"60":"business"},"required-plugins":[{"slug":"beaver-builder-lite-version","init":"beaver-builder-lite-version\/fl-builder.php","name":"Beaver Builder Plugin (Lite Version)"},{"slug":"bb-ultimate-addon","init":"bb-ultimate-addon\/bb-ultimate-addon.php","name":"Ultimate Addons for Beaver Builder"},{"slug":"wpforms-lite","init":"wpforms-lite\/wpforms.php","name":"WPForms Lite"}]}},"related-bb-template":"","related-elementor-template":"","related-gutenberg-template":"","related_ecommerce_template":"","ecommerce_parent_template":""},"id-21081":{"title":"Deeplight Restaurant","id":21081,"publish-date":1552457750,"featured-image-url":"https:\/\/websitedemos.net\/wp-content\/uploads\/2019\/07\/restaurant-06-home.jpg","thumbnail-image-url":"https:\/\/websitedemos.net\/wp-content\/uploads\/2019\/07\/restaurant-06-home.jpg","fullpage-thumbnail-image-url":"https:\/\/websitedemos.net\/wp-content\/uploads\/2019\/07\/restaurant-06-home.jpg","astra-site-url":"\/\/websitedemos.net\/restaurant-06","astra-site-parent-id":158,"astra-sites-tag":{"562":"bistro","972":"club","560":"cuisine","561":"eatery","336":"food","350":"hotel","559":"outlet","335":"restaurant","970":"restro","971":"restro-bar"},"astra-sites-type":"agency-mini","astra-site-category":{"27":"business"},"astra-sites-template-category":[],"astra-site-page-builder":"brizy","categories":[],"required-plugins":[{"slug":"astra-addon","init":"astra-addon\/astra-addon.php","name":"Astra Pro"},{"slug":"brizy","init":"brizy\/brizy.php","name":"Brizy"}],"post-status":"publish","post-content":"","post-excerpt":"","pages":{"id-23510":{"title":"Home","featured-image-url":"https:\/\/websitedemos.net\/wp-content\/uploads\/2019\/07\/restaurant-06-home.jpg","thumbnail-image-url":"https:\/\/websitedemos.net\/wp-content\/uploads\/2019\/07\/restaurant-06-home.jpg","astra-page-api-url":"https:\/\/websitedemos.net\/restaurant-06\/wp-json\/wp\/v2\/pages\/143","dynamic-page":"no","astra-page-url":"\/\/websitedemos.net\/restaurant-06\/","astra-sites-tag":{"423":"home"},"site-pages-type":"agency-mini","site-pages-page-builder":"brizy","site-pages-category":[],"site-pages-parent-category":{"60":"business"},"required-plugins":[{"slug":"brizy","init":"brizy\/brizy.php","name":"Brizy"}]},"id-23511":{"title":"Menu","featured-image-url":"https:\/\/websitedemos.net\/wp-content\/uploads\/2019\/07\/restaurant-menu.jpg","thumbnail-image-url":"https:\/\/websitedemos.net\/wp-content\/uploads\/2019\/07\/restaurant-menu.jpg","astra-page-api-url":"https:\/\/websitedemos.net\/restaurant-06\/wp-json\/wp\/v2\/pages\/190","dynamic-page":"no","astra-page-url":"\/\/websitedemos.net\/restaurant-06\/menu\/","astra-sites-tag":{"565":"menu"},"site-pages-type":"agency-mini","site-pages-page-builder":"brizy","site-pages-category":[],"site-pages-parent-category":{"60":"business"},"required-plugins":[{"slug":"brizy","init":"brizy\/brizy.php","name":"Brizy"}]},"id-23507":{"title":"About","featured-image-url":"https:\/\/websitedemos.net\/wp-content\/uploads\/2019\/07\/restaurant-about.jpg","thumbnail-image-url":"https:\/\/websitedemos.net\/wp-content\/uploads\/2019\/07\/restaurant-about.jpg","astra-page-api-url":"https:\/\/websitedemos.net\/restaurant-06\/wp-json\/wp\/v2\/pages\/201","dynamic-page":"no","astra-page-url":"\/\/websitedemos.net\/restaurant-06\/about\/","astra-sites-tag":{"352":"about"},"site-pages-type":"agency-mini","site-pages-page-builder":"brizy","site-pages-category":[],"site-pages-parent-category":{"60":"business"},"required-plugins":[{"slug":"brizy","init":"brizy\/brizy.php","name":"Brizy"}]},"id-23509":{"title":"Gallery","featured-image-url":"https:\/\/websitedemos.net\/wp-content\/uploads\/2019\/07\/restaurant-gallery.jpg","thumbnail-image-url":"https:\/\/websitedemos.net\/wp-content\/uploads\/2019\/07\/restaurant-gallery.jpg","astra-page-api-url":"https:\/\/websitedemos.net\/restaurant-06\/wp-json\/wp\/v2\/pages\/208","dynamic-page":"no","astra-page-url":"\/\/websitedemos.net\/restaurant-06\/gallery\/","astra-sites-tag":{"461":"gallery"},"site-pages-type":"agency-mini","site-pages-page-builder":"brizy","site-pages-category":[],"site-pages-parent-category":{"60":"business"},"required-plugins":[{"slug":"brizy","init":"brizy\/brizy.php","name":"Brizy"}]},"id-23512":{"title":"Testimonials","featured-image-url":"https:\/\/websitedemos.net\/wp-content\/uploads\/2019\/07\/restaurant-testimonials.jpg","thumbnail-image-url":"https:\/\/websitedemos.net\/wp-content\/uploads\/2019\/07\/restaurant-testimonials.jpg","astra-page-api-url":"https:\/\/websitedemos.net\/restaurant-06\/wp-json\/wp\/v2\/pages\/215","dynamic-page":"no","astra-page-url":"\/\/websitedemos.net\/restaurant-06\/testimonials\/","astra-sites-tag":{"433":"testimonials"},"site-pages-type":"agency-mini","site-pages-page-builder":"brizy","site-pages-category":[],"site-pages-parent-category":{"60":"business"},"required-plugins":[{"slug":"brizy","init":"brizy\/brizy.php","name":"Brizy"}]},"id-23508":{"title":"Contact","featured-image-url":"https:\/\/websitedemos.net\/wp-content\/uploads\/2019\/07\/restaurant-contact.jpg","thumbnail-image-url":"https:\/\/websitedemos.net\/wp-content\/uploads\/2019\/07\/restaurant-contact.jpg","astra-page-api-url":"https:\/\/websitedemos.net\/restaurant-06\/wp-json\/wp\/v2\/pages\/220","dynamic-page":"no","astra-page-url":"\/\/websitedemos.net\/restaurant-06\/contact\/","astra-sites-tag":{"415":"contact"},"site-pages-type":"agency-mini","site-pages-page-builder":"brizy","site-pages-category":[],"site-pages-parent-category":{"60":"business"},"required-plugins":[{"slug":"brizy","init":"brizy\/brizy.php","name":"Brizy"}]}},"related-bb-template":"","related-elementor-template":"","related-gutenberg-template":"","related_ecommerce_template":"","ecommerce_parent_template":""},"id-51452":{"title":"Theatre Artist","id":51452,"publish-date":1617304821,"featured-image-url":"https:\/\/websitedemos.net\/wp-content\/uploads\/2021\/03\/theatre-artist-02.jpg","thumbnail-image-url":"https:\/\/websitedemos.net\/wp-content\/uploads\/2021\/03\/theatre-artist-02.jpg","fullpage-thumbnail-image-url":"https:\/\/websitedemos.net\/wp-content\/uploads\/2021\/03\/theatre-artist-02.jpg","astra-site-url":"\/\/websitedemos.net\/theatre-artist-02","astra-site-parent-id":1904,"astra-sites-tag":{"1906":"actor","339":"artist","1572":"performer","444":"portfolio","1905":"theatre-artist"},"astra-sites-type":"free","astra-site-category":{"27":"business","39":"free"},"astra-sites-template-category":{"2802":"artist","2784":"event","2770":"personal","2768":"portfolio"},"astra-site-page-builder":"elementor","categories":{"2488":"portfolio"},"required-plugins":[{"slug":"elementor","init":"elementor\/elementor.php","name":"Elementor"}],"post-status":"publish","post-content":"<!-- wp:paragraph -->\n<p>The Theater Artist template is a dark design with an elegant feel thanks to gold contrast color. The design has a full screen image and simple navigation that gives an upscale look while the rest of the homepage includes everything you might need to promote yourself or your business.<\/p>\n<!-- \/wp:paragraph -->\n\n<!-- wp:paragraph -->\n<p>While configured for an actor, you can see how it could work for musicians, bands or other businesses. It\u2019s easy to customize and allows you to change everything you see on the page using a drag and drop page builder.<\/p>\n<!-- \/wp:paragraph -->\n\n<!-- wp:heading -->\n<h2>Key features of the Theater Artist template<\/h2>\n<!-- \/wp:heading -->\n\n<!-- wp:list -->\n<ul><li>Elegant design ideal as a business website or portfolio<\/li><li>Attractive dark theme with gold contrast color<\/li><li>Lots of product and service areas<\/li><li>Useful timeline element on the homepage<\/li><li>Full compatibility with leading page builders<\/li><\/ul>\n<!-- \/wp:list -->","post-excerpt":"Upscale web template with dark design and gold elements that stand out","pages":{"id-51453":{"title":"Biography","featured-image-url":"https:\/\/websitedemos.net\/wp-content\/uploads\/2021\/03\/theatre-artist-02-biography.jpg","thumbnail-image-url":"https:\/\/websitedemos.net\/wp-content\/uploads\/2021\/03\/theatre-artist-02-biography.jpg","astra-page-api-url":"https:\/\/websitedemos.net\/theatre-artist-02\/wp-json\/wp\/v2\/pages\/394","dynamic-page":"no","astra-page-url":"\/\/websitedemos.net\/theatre-artist-02\/biography\/","astra-sites-tag":{"352":"about","1566":"biography"},"site-pages-type":"free","site-pages-page-builder":"elementor","site-pages-category":[],"site-pages-parent-category":{"60":"business","61":"free"},"required-plugins":[{"slug":"elementor","init":"elementor\/elementor.php","name":"Elementor"}]},"id-51454":{"title":"Contact","featured-image-url":"https:\/\/websitedemos.net\/wp-content\/uploads\/2021\/03\/theatre-artist-02-contact.jpg","thumbnail-image-url":"https:\/\/websitedemos.net\/wp-content\/uploads\/2021\/03\/theatre-artist-02-contact.jpg","astra-page-api-url":"https:\/\/websitedemos.net\/theatre-artist-02\/wp-json\/wp\/v2\/pages\/512","dynamic-page":"no","astra-page-url":"\/\/websitedemos.net\/theatre-artist-02\/contact\/","astra-sites-tag":{"415":"contact"},"site-pages-type":"free","site-pages-page-builder":"elementor","site-pages-category":[],"site-pages-parent-category":{"60":"business","61":"free"},"required-plugins":[{"slug":"elementor","init":"elementor\/elementor.php","name":"Elementor"}]},"id-51455":{"title":"Home","featured-image-url":"https:\/\/websitedemos.net\/wp-content\/uploads\/2021\/03\/theatre-artist-02.jpg","thumbnail-image-url":"https:\/\/websitedemos.net\/wp-content\/uploads\/2021\/03\/theatre-artist-02.jpg","astra-page-api-url":"https:\/\/websitedemos.net\/theatre-artist-02\/wp-json\/wp\/v2\/pages\/19","dynamic-page":"no","astra-page-url":"\/\/websitedemos.net\/theatre-artist-02\/","astra-sites-tag":{"423":"home"},"site-pages-type":"free","site-pages-page-builder":"elementor","site-pages-category":[],"site-pages-parent-category":{"60":"business","61":"free"},"required-plugins":[{"slug":"elementor","init":"elementor\/elementor.php","name":"Elementor"}]},"id-51456":{"title":"Repertoire","featured-image-url":"https:\/\/websitedemos.net\/wp-content\/uploads\/2021\/03\/theatre-artist-02-repertoire.jpg","thumbnail-image-url":"https:\/\/websitedemos.net\/wp-content\/uploads\/2021\/03\/theatre-artist-02-repertoire.jpg","astra-page-api-url":"https:\/\/websitedemos.net\/theatre-artist-02\/wp-json\/wp\/v2\/pages\/447","dynamic-page":"no","astra-page-url":"\/\/websitedemos.net\/theatre-artist-02\/repertoire\/","astra-sites-tag":{"444":"portfolio","1907":"repertoire"},"site-pages-type":"free","site-pages-page-builder":"elementor","site-pages-category":[],"site-pages-parent-category":{"60":"business","61":"free"},"required-plugins":[{"slug":"elementor","init":"elementor\/elementor.php","name":"Elementor"}]}},"related-bb-template":"","related-elementor-template":"","related-gutenberg-template":"","related_ecommerce_template":"","ecommerce_parent_template":""},"id-47138":{"title":"Event Management Agency","id":47138,"publish-date":1597226669,"featured-image-url":"https:\/\/websitedemos.net\/wp-content\/uploads\/2020\/08\/event-management-02.jpg","thumbnail-image-url":"https:\/\/websitedemos.net\/wp-content\/uploads\/2020\/08\/event-management-02.jpg","fullpage-thumbnail-image-url":"https:\/\/websitedemos.net\/wp-content\/uploads\/2020\/08\/event-management-02.jpg","astra-site-url":"\/\/websitedemos.net\/event-management-04","astra-site-parent-id":1609,"astra-sites-tag":{"663":"agency","1611":"corporate-events","1612":"event-agency","1610":"event-management"},"astra-sites-type":"agency-mini","astra-site-category":{"27":"business"},"astra-sites-template-category":{"2777":"business","2784":"event","2768":"portfolio"},"astra-site-page-builder":"elementor","categories":{"2483":"expert-services"},"required-plugins":[{"slug":"elementor","init":"elementor\/elementor.php","name":"Elementor"},{"slug":"wpforms-lite","init":"wpforms-lite\/wpforms.php","name":"WPForms Lite"}],"post-status":"publish","post-content":"<!-- wp:paragraph -->\n<p>The Event Management Agency template is a business website with a professional feel. It\u2019s engaging and includes options for a video header as well as images to show off the events you manage. It\u2019s a very modern design with instant appeal.<\/p>\n<!-- \/wp:paragraph -->\n\n<!-- wp:paragraph -->\n<p>The homepage includes lots of content areas to share products and services, a portfolio area to show off previous events, a testimonial area and optional blog and event sections. Everything can be fully customized so you can build your pages however you like.<\/p>\n<!-- \/wp:paragraph -->\n\n<!-- wp:heading -->\n<h2>Key features of the Event Management Agency template<\/h2>\n<!-- \/wp:heading -->\n\n<!-- wp:list -->\n<ul><li>Professional business template ideal for event management companies<\/li><li>Lots of content areas for products and services<\/li><li>Supports video and audio headers<\/li><li>Attractive portfolio section to showcase previous events<\/li><li>Full compatibility with leading page builders<\/li><\/ul>\n<!-- \/wp:list -->","post-excerpt":"Professional web template ideal for businesses that like to show as well as tell","pages":{"id-47141":{"title":"Home","featured-image-url":"https:\/\/websitedemos.net\/wp-content\/uploads\/2020\/08\/event-management-02.jpg","thumbnail-image-url":"https:\/\/websitedemos.net\/wp-content\/uploads\/2020\/08\/event-management-02.jpg","astra-page-api-url":"https:\/\/websitedemos.net\/event-management-04\/wp-json\/wp\/v2\/pages\/19","dynamic-page":"no","astra-page-url":"\/\/websitedemos.net\/event-management-04\/","astra-sites-tag":{"423":"home","814":"homepage"},"site-pages-type":"agency-mini","site-pages-page-builder":"elementor","site-pages-category":[],"site-pages-parent-category":{"60":"business"},"required-plugins":[{"slug":"elementor","init":"elementor\/elementor.php","name":"Elementor"}]},"id-47143":{"title":"Works","featured-image-url":"https:\/\/websitedemos.net\/wp-content\/uploads\/2020\/08\/event-management-02-works.jpg","thumbnail-image-url":"https:\/\/websitedemos.net\/wp-content\/uploads\/2020\/08\/event-management-02-works.jpg","astra-page-api-url":"https:\/\/websitedemos.net\/event-management-04\/wp-json\/wp\/v2\/pages\/167","dynamic-page":"no","astra-page-url":"\/\/websitedemos.net\/event-management-04\/works\/","astra-sites-tag":{"444":"portfolio","1613":"projects","451":"work"},"site-pages-type":"agency-mini","site-pages-page-builder":"elementor","site-pages-category":[],"site-pages-parent-category":{"60":"business"},"required-plugins":[{"slug":"elementor","init":"elementor\/elementor.php","name":"Elementor"}]},"id-47142":{"title":"Services","featured-image-url":"https:\/\/websitedemos.net\/wp-content\/uploads\/2020\/08\/event-management-02-services.jpg","thumbnail-image-url":"https:\/\/websitedemos.net\/wp-content\/uploads\/2020\/08\/event-management-02-services.jpg","astra-page-api-url":"https:\/\/websitedemos.net\/event-management-04\/wp-json\/wp\/v2\/pages\/206","dynamic-page":"no","astra-page-url":"\/\/websitedemos.net\/event-management-04\/services\/","astra-sites-tag":{"1605":"our-services","425":"services"},"site-pages-type":"agency-mini","site-pages-page-builder":"elementor","site-pages-category":[],"site-pages-parent-category":{"60":"business"},"required-plugins":[{"slug":"elementor","init":"elementor\/elementor.php","name":"Elementor"}]},"id-47139":{"title":"About Us","featured-image-url":"https:\/\/websitedemos.net\/wp-content\/uploads\/2020\/08\/event-management-02-about-us.jpg","thumbnail-image-url":"https:\/\/websitedemos.net\/wp-content\/uploads\/2020\/08\/event-management-02-about-us.jpg","astra-page-api-url":"https:\/\/websitedemos.net\/event-management-04\/wp-json\/wp\/v2\/pages\/128","dynamic-page":"no","astra-page-url":"\/\/websitedemos.net\/event-management-04\/about-us\/","astra-sites-tag":{"352":"about","455":"about-us"},"site-pages-type":"agency-mini","site-pages-page-builder":"elementor","site-pages-category":[],"site-pages-parent-category":{"60":"business"},"required-plugins":[{"slug":"elementor","init":"elementor\/elementor.php","name":"Elementor"}]},"id-47140":{"title":"Contact Us","featured-image-url":"https:\/\/websitedemos.net\/wp-content\/uploads\/2020\/08\/event-management-02-contact-us.jpg","thumbnail-image-url":"https:\/\/websitedemos.net\/wp-content\/uploads\/2020\/08\/event-management-02-contact-us.jpg","astra-page-api-url":"https:\/\/websitedemos.net\/event-management-04\/wp-json\/wp\/v2\/pages\/224","dynamic-page":"no","astra-page-url":"\/\/websitedemos.net\/event-management-04\/contact-us\/","astra-sites-tag":{"415":"contact","454":"contact-us","896":"get-connected","377":"get-in-touch"},"site-pages-type":"agency-mini","site-pages-page-builder":"elementor","site-pages-category":[],"site-pages-parent-category":{"60":"business"},"required-plugins":[{"slug":"elementor","init":"elementor\/elementor.php","name":"Elementor"},{"slug":"wpforms-lite","init":"wpforms-lite\/wpforms.php","name":"WPForms Lite"}]}},"related-bb-template":"","related-elementor-template":"","related-gutenberg-template":"","related_ecommerce_template":"","ecommerce_parent_template":""},"id-47815":{"title":"Online Courses","id":47815,"publish-date":1602850916,"featured-image-url":"https:\/\/websitedemos.net\/wp-content\/uploads\/2020\/10\/online-course-02.jpg","thumbnail-image-url":"https:\/\/websitedemos.net\/wp-content\/uploads\/2020\/10\/online-course-02-600x1900.jpg","fullpage-thumbnail-image-url":"https:\/\/websitedemos.net\/wp-content\/uploads\/2020\/10\/online-course-02-400x1266.jpg","astra-site-url":"\/\/websitedemos.net\/online-courses-02","astra-site-parent-id":1676,"astra-sites-tag":{"462":"courses","468":"elearning","467":"learndash","466":"online-courses","975":"online-learning"},"astra-sites-type":"free","astra-site-category":{"27":"business","39":"free"},"astra-sites-template-category":{"2825":"coaching","2772":"education","2835":"elearning","2880":"membership","2827":"online-course"},"astra-site-page-builder":"elementor","categories":{"2494":"elearning"},"required-plugins":[{"slug":"elementor","init":"elementor\/elementor.php","name":"Elementor"},{"slug":"header-footer-elementor","init":"header-footer-elementor\/header-footer-elementor.php","name":"Elementor Header & Footer Builder"},{"slug":"sfwd-lms","init":"sfwd-lms\/sfwd_lms.php","name":"LearnDash LMS"},{"slug":"learndash-course-grid","init":"learndash-course-grid\/learndash_course_grid.php","name":"LearnDash LMS - Course Grid"},{"slug":"wpforms-lite","init":"wpforms-lite\/wpforms.php","name":"WPForms Lite"},{"slug":"presto-player","init":"presto-player\/presto-player.php","name":"Presto Player"}],"post-status":"publish","post-content":"<!-- wp:paragraph -->\n<p>The Online Courses template uses reassuring colors and plenty of whitespace to build authority immediately. It\u2019s ideal for schools, colleges, universities and online learning. Built to convert and provide everything you need to deliver eLearning courses.<\/p>\n<!-- \/wp:paragraph -->\n\n<!-- wp:paragraph -->\n<p>The template has a relaxed feel, with light colors, attractive course boxes and course pages, lots of banners and graphics to communicate and convert, as well as build confidence in students. It\u2019s an excellent option for eLearning and is fully compatible with popular learning management systems.<\/p>\n<!-- \/wp:paragraph -->\n\n<!-- wp:heading {\"UAGDay\":[]} -->\n<h2 class=\"wp-block-heading\">Key features of the Online Courses template<\/h2>\n<!-- \/wp:heading -->\n\n<!-- wp:list -->\n<ul><!-- wp:list-item -->\n<li>Reassuring website template ideal for building trust<\/li>\n<!-- \/wp:list-item -->\n\n<!-- wp:list-item -->\n<li>Attractive course elements and course pages<\/li>\n<!-- \/wp:list-item -->\n\n<!-- wp:list-item -->\n<li>Built to convert and sell as well as build authority<\/li>\n<!-- \/wp:list-item -->\n\n<!-- wp:list-item -->\n<li>Supports popular learning management systems<\/li>\n<!-- \/wp:list-item -->\n\n<!-- wp:list-item -->\n<li>Full compatibility with leading page builders<\/li>\n<!-- \/wp:list-item --><\/ul>\n<!-- \/wp:list -->","post-excerpt":"Reassuring web template ideal for schools, colleges, universities and online learning","pages":{"id-47819":{"title":"Home","featured-image-url":"https:\/\/websitedemos.net\/wp-content\/uploads\/2020\/10\/online-course-02.jpg","thumbnail-image-url":"https:\/\/websitedemos.net\/wp-content\/uploads\/2020\/10\/online-course-02-600x1900.jpg","astra-page-api-url":"https:\/\/websitedemos.net\/online-courses-02\/wp-json\/wp\/v2\/pages\/6","dynamic-page":"yes","astra-page-url":"\/\/websitedemos.net\/online-courses-02\/","astra-sites-tag":{"423":"home"},"site-pages-type":"free","site-pages-page-builder":"elementor","site-pages-category":[],"site-pages-parent-category":{"60":"business","61":"free"},"required-plugins":[{"slug":"elementor","init":"elementor\/elementor.php","name":"Elementor"}]},"id-47817":{"title":"All Courses","featured-image-url":"https:\/\/websitedemos.net\/wp-content\/uploads\/2020\/10\/online-course-02-all-courses.jpg","thumbnail-image-url":"https:\/\/websitedemos.net\/wp-content\/uploads\/2020\/10\/online-course-02-all-courses-600x889.jpg","astra-page-api-url":"https:\/\/websitedemos.net\/online-courses-02\/wp-json\/wp\/v2\/pages\/476","dynamic-page":"yes","astra-page-url":"\/\/websitedemos.net\/online-courses-02\/all-courses\/","astra-sites-tag":{"462":"courses"},"site-pages-type":"free","site-pages-page-builder":"elementor","site-pages-category":[],"site-pages-parent-category":{"60":"business","61":"free"},"required-plugins":[{"slug":"elementor","init":"elementor\/elementor.php","name":"Elementor"}]},"id-47816":{"title":"About Us","featured-image-url":"https:\/\/websitedemos.net\/wp-content\/uploads\/2020\/10\/online-course-02-about-us.jpg","thumbnail-image-url":"https:\/\/websitedemos.net\/wp-content\/uploads\/2020\/10\/online-course-02-about-us-600x1339.jpg","astra-page-api-url":"https:\/\/websitedemos.net\/online-courses-02\/wp-json\/wp\/v2\/pages\/8","dynamic-page":"no","astra-page-url":"\/\/websitedemos.net\/online-courses-02\/about-us\/","astra-sites-tag":{"352":"about"},"site-pages-type":"free","site-pages-page-builder":"elementor","site-pages-category":[],"site-pages-parent-category":{"60":"business","61":"free"},"required-plugins":[{"slug":"elementor","init":"elementor\/elementor.php","name":"Elementor"}]},"id-47820":{"title":"Instructors","featured-image-url":"https:\/\/websitedemos.net\/wp-content\/uploads\/2020\/10\/online-course-02-instructors.jpg","thumbnail-image-url":"https:\/\/websitedemos.net\/wp-content\/uploads\/2020\/10\/online-course-02-instructors-600x1140.jpg","astra-page-api-url":"https:\/\/websitedemos.net\/online-courses-02\/wp-json\/wp\/v2\/pages\/14","dynamic-page":"no","astra-page-url":"\/\/websitedemos.net\/online-courses-02\/instructors\/","astra-sites-tag":{"1677":"instructors"},"site-pages-type":"free","site-pages-page-builder":"elementor","site-pages-category":[],"site-pages-parent-category":{"60":"business","61":"free"},"required-plugins":[{"slug":"elementor","init":"elementor\/elementor.php","name":"Elementor"}]},"id-47821":{"title":"Pricing &#038; FAQ","featured-image-url":"https:\/\/websitedemos.net\/wp-content\/uploads\/2020\/10\/online-course-02-pricing.jpg","thumbnail-image-url":"https:\/\/websitedemos.net\/wp-content\/uploads\/2020\/10\/online-course-02-pricing-600x1283.jpg","astra-page-api-url":"https:\/\/websitedemos.net\/online-courses-02\/wp-json\/wp\/v2\/pages\/16","dynamic-page":"no","astra-page-url":"\/\/websitedemos.net\/online-courses-02\/pricing-faq\/","astra-sites-tag":{"426":"faq","585":"pricing"},"site-pages-type":"free","site-pages-page-builder":"elementor","site-pages-category":[],"site-pages-parent-category":{"60":"business","61":"free"},"required-plugins":[{"slug":"elementor","init":"elementor\/elementor.php","name":"Elementor"}]},"id-47818":{"title":"Contact","featured-image-url":"https:\/\/websitedemos.net\/wp-content\/uploads\/2020\/10\/online-course-02-contact.jpg","thumbnail-image-url":"https:\/\/websitedemos.net\/wp-content\/uploads\/2020\/10\/online-course-02-contact-600x871.jpg","astra-page-api-url":"https:\/\/websitedemos.net\/online-courses-02\/wp-json\/wp\/v2\/pages\/12","dynamic-page":"no","astra-page-url":"\/\/websitedemos.net\/online-courses-02\/contact\/","astra-sites-tag":{"415":"contact"},"site-pages-type":"free","site-pages-page-builder":"elementor","site-pages-category":[],"site-pages-parent-category":{"60":"business","61":"free"},"required-plugins":[{"slug":"elementor","init":"elementor\/elementor.php","name":"Elementor"},{"slug":"wpforms-lite","init":"wpforms-lite\/wpforms.php","name":"WPForms Lite"}]}},"related-bb-template":48985,"related-elementor-template":47815,"related-gutenberg-template":"","related_ecommerce_template":"","ecommerce_parent_template":""}}