{"id-73520":{"title":"Local Bakery","id":73520,"publish-date":1681825313,"featured-image-url":"https:\/\/websitedemos.net\/wp-content\/uploads\/2023\/04\/local-bakery.jpg","thumbnail-image-url":"https:\/\/websitedemos.net\/wp-content\/uploads\/2023\/04\/local-bakery-600x900.jpg","fullpage-thumbnail-image-url":"https:\/\/websitedemos.net\/wp-content\/uploads\/2023\/04\/local-bakery-400x600.jpg","astra-site-url":"\/\/websitedemos.net\/bakery-index-bio-02","astra-site-parent-id":3172,"astra-sites-tag":{"758":"bakery","783":"cake","2988":"foodie","2984":"foodporn","3173":"link-in-bio","3174":"localbakery","3175":"shoplocal","3176":"yummy"},"astra-sites-type":"free","astra-site-category":{"39":"free"},"astra-sites-template-category":{"3171":"link-in-bio","2770":"personal","2768":"portfolio"},"astra-site-page-builder":"elementor","categories":{"3191":"link-in-bio","2927":"one-page","2488":"portfolio"},"required-plugins":[{"slug":"elementor","init":"elementor\/elementor.php","name":"Elementor"}],"post-status":"publish","post-content":"<!-- wp:paragraph -->\n<p>The Local Baker Link-in-Bio template is an engaging way to showcase your skills and your work and share links to other resources. It\u2019s a landing page and then some, offering far more than Linktree, including fully responsive pages.<\/p>\n<!-- \/wp:paragraph -->\n\n<!-- wp:paragraph -->\n<p>The Local Baker Link-in-Bio template has a lovely design with calm colors, attractive center blocks with images and links and a slider block to show off your skills. It\u2019s also fully responsive so will work on any screen size.<\/p>\n<!-- \/wp:paragraph -->\n\n<!-- wp:heading -->\n<h2>Key features of the Local Baker linktree template<\/h2>\n<!-- \/wp:heading -->\n\n<!-- wp:list -->\n<ul><!-- wp:list-item -->\n<li>Attractive Link-in-Bio template with genuine appeal<\/li>\n<!-- \/wp:list-item -->\n\n<!-- wp:list-item -->\n<li>Nice colors and can be fully customized<\/li>\n<!-- \/wp:list-item -->\n\n<!-- wp:list-item -->\n<li>Responsive design that will work flawlessly on any device<\/li>\n<!-- \/wp:list-item -->\n\n<!-- wp:list-item -->\n<li>Includes options for all types of links<\/li>\n<!-- \/wp:list-item -->\n\n<!-- wp:list-item -->\n<li>Full compatibility with leading page builders<\/li>\n<!-- \/wp:list-item --><\/ul>\n<!-- \/wp:list -->","post-excerpt":"The Local Baker Link-in-Bio template is the ideal landing page to share your links.","pages":{"id-73521":{"title":"Home","featured-image-url":"https:\/\/websitedemos.net\/wp-content\/uploads\/2023\/04\/bakery-index-bio-02.jpg","thumbnail-image-url":"https:\/\/websitedemos.net\/wp-content\/uploads\/2023\/04\/bakery-index-bio-02-600x347.jpg","astra-page-api-url":"https:\/\/websitedemos.net\/bakery-index-bio-02\/wp-json\/wp\/v2\/pages\/6","dynamic-page":"no","astra-page-url":"\/\/websitedemos.net\/bakery-index-bio-02\/","astra-sites-tag":{"423":"home"},"site-pages-type":"free","site-pages-page-builder":"elementor","site-pages-category":[],"site-pages-parent-category":{"61":"free"},"required-plugins":[{"slug":"elementor","init":"elementor\/elementor.php","name":"Elementor"}]}},"related-bb-template":"","related-elementor-template":"","related-gutenberg-template":"","related_ecommerce_template":"","ecommerce_parent_template":""},"id-66934":{"title":"Innesa Perfumes","id":66934,"publish-date":1658427055,"featured-image-url":"https:\/\/websitedemos.net\/wp-content\/uploads\/2022\/07\/inessa-perfumes-04.jpg","thumbnail-image-url":"https:\/\/websitedemos.net\/wp-content\/uploads\/2022\/07\/inessa-perfumes-04-600x2287.jpg","fullpage-thumbnail-image-url":"https:\/\/websitedemos.net\/wp-content\/uploads\/2022\/07\/inessa-perfumes-04-400x1524.jpg","astra-site-url":"\/\/websitedemos.net\/inessa-perfumes-04","astra-site-parent-id":2842,"astra-sites-tag":{"496":"ecommerce","1817":"ecommerce-store","2844":"fragrance","383":"online-store","2843":"perfume","2846":"perfume-store","967":"product-store","2845":"smell","749":"store"},"astra-sites-type":"agency-mini","astra-site-category":{"38":"ecommerce"},"astra-sites-template-category":{"2769":"ecommerce","2890":"makeup-cosmetic","2857":"online-shopping"},"astra-site-page-builder":"elementor","categories":{"2495":"ecommerce"},"required-plugins":[{"slug":"astra-addon","init":"astra-addon\/astra-addon.php","name":"Astra Pro"},{"slug":"elementor","init":"elementor\/elementor.php","name":"Elementor"},{"slug":"woocommerce","init":"woocommerce\/woocommerce.php","name":"WooCommerce"},{"slug":"wpforms-lite","init":"wpforms-lite\/wpforms.php","name":"WPForms Lite"},{"slug":"variation-swatches-woo","init":"variation-swatches-woo\/variation-swatches-woo.php","name":"Variation Swatches for WooCommerce"}],"post-status":"publish","post-content":"<!-- wp:paragraph -->\n<p>The Inessa Perfumes website template is an elegant eCommerce design ideal for a wide range of online stores. It has an upmarket look, with fullscreen header, well-chosen fonts and an excellent product showcase section further down the page.<\/p>\n<!-- \/wp:paragraph -->\n\n<!-- wp:paragraph -->\n<p>The combination of fonts, colors and whitespace give a premium feel while minimal navigation keeps things tidy while delivering user intent. The template is fully compatible with WooCommerce and sales funnel plugins, so should deliver all the features you need.<\/p>\n<!-- \/wp:paragraph -->\n\n<!-- wp:heading -->\n<h2>Key features of the Inessa Perfumes template<\/h2>\n<!-- \/wp:heading -->\n\n<!-- wp:list -->\n<ul><li>Elegant eCommerce theme<\/li><li>Stylish colors and fonts throughout<\/li><li>Borderless content areas for an open feel<\/li><li>Attractive product area<\/li><li>Full compatibility with leading page builders<\/li><\/ul>\n<!-- \/wp:list -->","post-excerpt":"Elegant eCommerce template ideal for selling luxury items to discerning customers","pages":{"id-66935":{"title":"About","featured-image-url":"https:\/\/websitedemos.net\/wp-content\/uploads\/2022\/07\/inessa-perfumes-about-04.jpg","thumbnail-image-url":"https:\/\/websitedemos.net\/wp-content\/uploads\/2022\/07\/inessa-perfumes-about-04-600x2137.jpg","astra-page-api-url":"https:\/\/websitedemos.net\/inessa-perfumes-04\/wp-json\/wp\/v2\/pages\/20","dynamic-page":"no","astra-page-url":"\/\/websitedemos.net\/inessa-perfumes-04\/about\/","astra-sites-tag":{"352":"about"},"site-pages-type":"agency-mini","site-pages-page-builder":"elementor","site-pages-category":[],"site-pages-parent-category":{"64":"ecommerce"},"required-plugins":[{"slug":"elementor","init":"elementor\/elementor.php","name":"Elementor"}]},"id-66936":{"title":"Contact","featured-image-url":"https:\/\/websitedemos.net\/wp-content\/uploads\/2022\/07\/inessa-perfumes-contact-04.jpg","thumbnail-image-url":"https:\/\/websitedemos.net\/wp-content\/uploads\/2022\/07\/inessa-perfumes-contact-04-600x810.jpg","astra-page-api-url":"https:\/\/websitedemos.net\/inessa-perfumes-04\/wp-json\/wp\/v2\/pages\/22","dynamic-page":"no","astra-page-url":"\/\/websitedemos.net\/inessa-perfumes-04\/contact\/","astra-sites-tag":{"415":"contact"},"site-pages-type":"agency-mini","site-pages-page-builder":"elementor","site-pages-category":[],"site-pages-parent-category":{"64":"ecommerce"},"required-plugins":[{"slug":"elementor","init":"elementor\/elementor.php","name":"Elementor"},{"slug":"wpforms-lite","init":"wpforms-lite\/wpforms.php","name":"WPForms Lite"}]},"id-66937":{"title":"Home","featured-image-url":"https:\/\/websitedemos.net\/wp-content\/uploads\/2022\/07\/inessa-perfumes-04.jpg","thumbnail-image-url":"https:\/\/websitedemos.net\/wp-content\/uploads\/2022\/07\/inessa-perfumes-04-600x2287.jpg","astra-page-api-url":"https:\/\/websitedemos.net\/inessa-perfumes-04\/wp-json\/wp\/v2\/pages\/18","dynamic-page":"yes","astra-page-url":"\/\/websitedemos.net\/inessa-perfumes-04\/","astra-sites-tag":{"423":"home","1467":"store-homepage"},"site-pages-type":"agency-mini","site-pages-page-builder":"elementor","site-pages-category":[],"site-pages-parent-category":{"64":"ecommerce"},"required-plugins":[{"slug":"elementor","init":"elementor\/elementor.php","name":"Elementor"},{"slug":"woocommerce","init":"woocommerce\/woocommerce.php","name":"WooCommerce"}]}},"related-bb-template":"","related-elementor-template":"","related-gutenberg-template":"","related_ecommerce_template":"","ecommerce_parent_template":""},"id-67195":{"title":"eGrow Plants","id":67195,"publish-date":1658428955,"featured-image-url":"https:\/\/websitedemos.net\/wp-content\/uploads\/2022\/07\/egrow-plants-04.jpg","thumbnail-image-url":"https:\/\/websitedemos.net\/wp-content\/uploads\/2022\/07\/egrow-plants-04-600x2899.jpg","fullpage-thumbnail-image-url":"https:\/\/websitedemos.net\/wp-content\/uploads\/2022\/07\/egrow-plants-04-400x1932.jpg","astra-site-url":"\/\/websitedemos.net\/egrow-plants-04","astra-site-parent-id":2865,"astra-sites-tag":{"2418":"commerce","1017":"e-commerce","496":"ecommerce","2419":"eshopping","2422":"online-market","2420":"online-shopping","383":"online-store","497":"plant-store","495":"plants","2421":"purchases","2417":"reseller","733":"shop","2416":"shopping","749":"store","1024":"woocommerce"},"astra-sites-type":"agency-mini","astra-site-category":{"27":"business","38":"ecommerce"},"astra-sites-template-category":{"2769":"ecommerce","2857":"online-shopping"},"astra-site-page-builder":"elementor","categories":{"2495":"ecommerce","2476":"gardening"},"required-plugins":[{"slug":"astra-addon","init":"astra-addon\/astra-addon.php","name":"Astra Pro"},{"slug":"elementor","init":"elementor\/elementor.php","name":"Elementor"},{"slug":"woocommerce","init":"woocommerce\/woocommerce.php","name":"WooCommerce"},{"slug":"wpforms-lite","init":"wpforms-lite\/wpforms.php","name":"WPForms Lite"},{"slug":"variation-swatches-woo","init":"variation-swatches-woo\/variation-swatches-woo.php","name":"Variation Swatches for WooCommerce"}],"post-status":"publish","post-content":"<!-- wp:paragraph -->\n<p>The eGrow Plants template is a minimalist eCommerce design ideal for a wide range of stores, not just for plants. It has a very calm vibe with neutral colors, lots of whitespace and some nice shaded images.<\/p>\n<!-- \/wp:paragraph -->\n\n<!-- wp:paragraph -->\n<p>The design includes simple navigation, a cart option in the top bar, highlighted products section, attractive product pages and flexible content areas ideal for any store. It also integrates seamlessly with WooCommerce.<\/p>\n<!-- \/wp:paragraph -->\n\n<!-- wp:heading {\"UAGDay\":[]} -->\n<h2 class=\"wp-block-heading\">Key features of the eGrow Plants template<\/h2>\n<!-- \/wp:heading -->\n\n<!-- wp:list -->\n<ul><!-- wp:list-item -->\n<li>Minimalist eCommerce template with a relaxed feel<\/li>\n<!-- \/wp:list-item -->\n\n<!-- wp:list-item -->\n<li>Lots of whitespace and neutral colors<\/li>\n<!-- \/wp:list-item -->\n\n<!-- wp:list-item -->\n<li>Flexible content areas ideal for products<\/li>\n<!-- \/wp:list-item -->\n\n<!-- wp:list-item -->\n<li>Cart icon in the top bar<\/li>\n<!-- \/wp:list-item -->\n\n<!-- wp:list-item -->\n<li>Full compatibility with leading page builders<\/li>\n<!-- \/wp:list-item --><\/ul>\n<!-- \/wp:list -->","post-excerpt":"Minimalist eCommerce template ideal for most types of online store","pages":{"id-67196":{"title":"Contact","featured-image-url":"https:\/\/websitedemos.net\/wp-content\/uploads\/2022\/07\/egrow-plants-contact-04.jpg","thumbnail-image-url":"https:\/\/websitedemos.net\/wp-content\/uploads\/2022\/07\/egrow-plants-contact-04-600x1008.jpg","astra-page-api-url":"https:\/\/websitedemos.net\/egrow-plants-04\/wp-json\/wp\/v2\/pages\/261","dynamic-page":"no","astra-page-url":"\/\/websitedemos.net\/egrow-plants-04\/contact\/","astra-sites-tag":{"415":"contact"},"site-pages-type":"agency-mini","site-pages-page-builder":"elementor","site-pages-category":[],"site-pages-parent-category":{"60":"business","64":"ecommerce"},"required-plugins":[{"slug":"elementor","init":"elementor\/elementor.php","name":"Elementor"},{"slug":"wpforms-lite","init":"wpforms-lite\/wpforms.php","name":"WPForms Lite"}]},"id-67197":{"title":"Home","featured-image-url":"https:\/\/websitedemos.net\/wp-content\/uploads\/2022\/07\/egrow-plants-04.jpg","thumbnail-image-url":"https:\/\/websitedemos.net\/wp-content\/uploads\/2022\/07\/egrow-plants-04-600x2899.jpg","astra-page-api-url":"https:\/\/websitedemos.net\/egrow-plants-04\/wp-json\/wp\/v2\/pages\/270","dynamic-page":"yes","astra-page-url":"\/\/websitedemos.net\/egrow-plants-04\/","astra-sites-tag":{"423":"home"},"site-pages-type":"agency-mini","site-pages-page-builder":"elementor","site-pages-category":[],"site-pages-parent-category":{"60":"business","64":"ecommerce"},"required-plugins":[{"slug":"elementor","init":"elementor\/elementor.php","name":"Elementor"},{"slug":"woocommerce","init":"woocommerce\/woocommerce.php","name":"WooCommerce"}]},"id-67198":{"title":"Our Story","featured-image-url":"https:\/\/websitedemos.net\/wp-content\/uploads\/2022\/07\/egrow-plants-about-04.jpg","thumbnail-image-url":"https:\/\/websitedemos.net\/wp-content\/uploads\/2022\/07\/egrow-plants-about-04-600x1231.jpg","astra-page-api-url":"https:\/\/websitedemos.net\/egrow-plants-04\/wp-json\/wp\/v2\/pages\/255","dynamic-page":"no","astra-page-url":"\/\/websitedemos.net\/egrow-plants-04\/home\/","astra-sites-tag":{"352":"about"},"site-pages-type":"agency-mini","site-pages-page-builder":"elementor","site-pages-category":[],"site-pages-parent-category":{"60":"business","64":"ecommerce"},"required-plugins":[{"slug":"elementor","init":"elementor\/elementor.php","name":"Elementor"}]},"id-67211":{"title":"Home","featured-image-url":"","thumbnail-image-url":"","astra-page-api-url":"https:\/\/websitedemos.net\/egrow-plants-04\/wp-json\/wp\/v2\/pages\/270","dynamic-page":"no","astra-page-url":"\/\/websitedemos.net\/egrow-plants-04\/","astra-sites-tag":[],"site-pages-type":"agency-mini","site-pages-page-builder":"gutenberg","site-pages-category":[],"site-pages-parent-category":{"60":"business","64":"ecommerce"},"required-plugins":""},"id-67212":{"title":"My account","featured-image-url":"","thumbnail-image-url":"","astra-page-api-url":"https:\/\/websitedemos.net\/egrow-plants-04\/wp-json\/wp\/v2\/pages\/9","dynamic-page":"no","astra-page-url":"\/\/websitedemos.net\/egrow-plants-04\/my-account\/","astra-sites-tag":[],"site-pages-type":"agency-mini","site-pages-page-builder":"gutenberg","site-pages-category":[],"site-pages-parent-category":{"60":"business","64":"ecommerce"},"required-plugins":""},"id-67213":{"title":"Our Story","featured-image-url":"","thumbnail-image-url":"","astra-page-api-url":"https:\/\/websitedemos.net\/egrow-plants-04\/wp-json\/wp\/v2\/pages\/255","dynamic-page":"no","astra-page-url":"\/\/websitedemos.net\/egrow-plants-04\/home\/","astra-sites-tag":[],"site-pages-type":"agency-mini","site-pages-page-builder":"gutenberg","site-pages-category":[],"site-pages-parent-category":{"60":"business","64":"ecommerce"},"required-plugins":""},"id-67208":{"title":"Cart","featured-image-url":"","thumbnail-image-url":"","astra-page-api-url":"https:\/\/websitedemos.net\/egrow-plants-04\/wp-json\/wp\/v2\/pages\/7","dynamic-page":"no","astra-page-url":"\/\/websitedemos.net\/egrow-plants-04\/cart\/","astra-sites-tag":[],"site-pages-type":"agency-mini","site-pages-page-builder":"gutenberg","site-pages-category":[],"site-pages-parent-category":{"60":"business","64":"ecommerce"},"required-plugins":""},"id-67209":{"title":"Checkout","featured-image-url":"","thumbnail-image-url":"","astra-page-api-url":"https:\/\/websitedemos.net\/egrow-plants-04\/wp-json\/wp\/v2\/pages\/8","dynamic-page":"no","astra-page-url":"\/\/websitedemos.net\/egrow-plants-04\/checkout\/","astra-sites-tag":[],"site-pages-type":"agency-mini","site-pages-page-builder":"gutenberg","site-pages-category":[],"site-pages-parent-category":{"60":"business","64":"ecommerce"},"required-plugins":""},"id-67210":{"title":"Contact","featured-image-url":"","thumbnail-image-url":"","astra-page-api-url":"https:\/\/websitedemos.net\/egrow-plants-04\/wp-json\/wp\/v2\/pages\/261","dynamic-page":"no","astra-page-url":"\/\/websitedemos.net\/egrow-plants-04\/contact\/","astra-sites-tag":[],"site-pages-type":"agency-mini","site-pages-page-builder":"gutenberg","site-pages-category":[],"site-pages-parent-category":{"60":"business","64":"ecommerce"},"required-plugins":""},"id-67214":{"title":"Shop","featured-image-url":"","thumbnail-image-url":"","astra-page-api-url":"https:\/\/websitedemos.net\/egrow-plants-04\/wp-json\/wp\/v2\/pages\/6","dynamic-page":"no","astra-page-url":"\/\/websitedemos.net\/egrow-plants-04\/shop\/","astra-sites-tag":[],"site-pages-type":"agency-mini","site-pages-page-builder":"gutenberg","site-pages-category":[],"site-pages-parent-category":{"60":"business","64":"ecommerce"},"required-plugins":""},"id-67222":{"title":"Contact","featured-image-url":"","thumbnail-image-url":"","astra-page-api-url":"https:\/\/websitedemos.net\/egrow-plants-04\/wp-json\/wp\/v2\/pages\/261","dynamic-page":"no","astra-page-url":"\/\/websitedemos.net\/egrow-plants-04\/contact\/","astra-sites-tag":[],"site-pages-type":"agency-mini","site-pages-page-builder":"elementor","site-pages-category":[],"site-pages-parent-category":{"60":"business","64":"ecommerce"},"required-plugins":[{"slug":"astra-addon","init":"astra-addon\/astra-addon.php","name":"Astra Pro"},{"slug":"elementor","init":"elementor\/elementor.php","name":"Elementor"},{"slug":"woocommerce","init":"woocommerce\/woocommerce.php","name":"WooCommerce"},{"slug":"wpforms-lite","init":"wpforms-lite\/wpforms.php","name":"WPForms Lite"}]},"id-67223":{"title":"Home","featured-image-url":"","thumbnail-image-url":"","astra-page-api-url":"https:\/\/websitedemos.net\/egrow-plants-04\/wp-json\/wp\/v2\/pages\/270","dynamic-page":"no","astra-page-url":"\/\/websitedemos.net\/egrow-plants-04\/","astra-sites-tag":[],"site-pages-type":"agency-mini","site-pages-page-builder":"elementor","site-pages-category":[],"site-pages-parent-category":{"60":"business","64":"ecommerce"},"required-plugins":[{"slug":"astra-addon","init":"astra-addon\/astra-addon.php","name":"Astra Pro"},{"slug":"elementor","init":"elementor\/elementor.php","name":"Elementor"},{"slug":"woocommerce","init":"woocommerce\/woocommerce.php","name":"WooCommerce"}]},"id-67224":{"title":"Our Story","featured-image-url":"","thumbnail-image-url":"","astra-page-api-url":"https:\/\/websitedemos.net\/egrow-plants-04\/wp-json\/wp\/v2\/pages\/255","dynamic-page":"no","astra-page-url":"\/\/websitedemos.net\/egrow-plants-04\/home\/","astra-sites-tag":[],"site-pages-type":"agency-mini","site-pages-page-builder":"elementor","site-pages-category":[],"site-pages-parent-category":{"60":"business","64":"ecommerce"},"required-plugins":[{"slug":"astra-addon","init":"astra-addon\/astra-addon.php","name":"Astra Pro"},{"slug":"elementor","init":"elementor\/elementor.php","name":"Elementor"}]}},"related-bb-template":"","related-elementor-template":"","related-gutenberg-template":"","related_ecommerce_template":"","ecommerce_parent_template":""},"id-54361":{"title":"Wine Bar and Restaurant","id":54361,"publish-date":1621266421,"featured-image-url":"https:\/\/websitedemos.net\/wp-content\/uploads\/2021\/05\/wine-and-bar-restaurant-03-home.jpg","thumbnail-image-url":"https:\/\/websitedemos.net\/wp-content\/uploads\/2021\/05\/wine-and-bar-restaurant-03-home.jpg","fullpage-thumbnail-image-url":"https:\/\/websitedemos.net\/wp-content\/uploads\/2021\/05\/wine-and-bar-restaurant-03-home.jpg","astra-site-url":"\/\/websitedemos.net\/wine-bar-and-restaurant-03","astra-site-parent-id":2026,"astra-sites-tag":{"1980":"bar","2004":"barbeque","2007":"barbeque-restaurant","1988":"beer-joint","882":"drinks","1982":"food-court","350":"hotel","1983":"pub","335":"restaurant","2006":"wine-bar","2005":"wine-bar-and-restaurant","633":"winery"},"astra-sites-type":"agency-mini","astra-site-category":{"27":"business"},"astra-sites-template-category":[],"astra-site-page-builder":"beaver-builder","categories":{"2496":"restaurant-food"},"required-plugins":[{"slug":"beaver-builder-lite-version","init":"beaver-builder-lite-version\/fl-builder.php","name":"Beaver Builder Plugin (Lite Version)"},{"slug":"bb-ultimate-addon","init":"bb-ultimate-addon\/bb-ultimate-addon.php","name":"Ultimate Addons for Beaver Builder"},{"slug":"wpforms-lite","init":"wpforms-lite\/wpforms.php","name":"WPForms Lite"}],"post-status":"publish","post-content":"","post-excerpt":"","pages":{"id-54362":{"title":"Contact","featured-image-url":"https:\/\/websitedemos.net\/wp-content\/uploads\/2021\/04\/wine-bar-and-restaurant-04-contact.jpg","thumbnail-image-url":"https:\/\/websitedemos.net\/wp-content\/uploads\/2021\/04\/wine-bar-and-restaurant-04-contact.jpg","astra-page-api-url":"https:\/\/websitedemos.net\/wine-bar-and-restaurant-03\/wp-json\/wp\/v2\/pages\/889","dynamic-page":"no","astra-page-url":"\/\/websitedemos.net\/wine-bar-and-restaurant-03\/contact\/","astra-sites-tag":{"415":"contact"},"site-pages-type":"agency-mini","site-pages-page-builder":"beaver-builder","site-pages-category":[],"site-pages-parent-category":{"60":"business"},"required-plugins":[{"slug":"beaver-builder-lite-version","init":"beaver-builder-lite-version\/fl-builder.php","name":"Beaver Builder Plugin (Lite Version)"},{"slug":"bb-ultimate-addon","init":"bb-ultimate-addon\/bb-ultimate-addon.php","name":"Ultimate Addons for Beaver Builder"},{"slug":"wpforms-lite","init":"wpforms-lite\/wpforms.php","name":"WPForms Lite"}]},"id-54363":{"title":"Events","featured-image-url":"https:\/\/websitedemos.net\/wp-content\/uploads\/2021\/05\/wine-bar-and-restaurant-04-events.jpg","thumbnail-image-url":"https:\/\/websitedemos.net\/wp-content\/uploads\/2021\/05\/wine-bar-and-restaurant-04-events.jpg","astra-page-api-url":"https:\/\/websitedemos.net\/wine-bar-and-restaurant-03\/wp-json\/wp\/v2\/pages\/887","dynamic-page":"no","astra-page-url":"\/\/websitedemos.net\/wine-bar-and-restaurant-03\/events\/","astra-sites-tag":{"1569":"events"},"site-pages-type":"agency-mini","site-pages-page-builder":"beaver-builder","site-pages-category":[],"site-pages-parent-category":{"60":"business"},"required-plugins":[{"slug":"beaver-builder-lite-version","init":"beaver-builder-lite-version\/fl-builder.php","name":"Beaver Builder Plugin (Lite Version)"},{"slug":"bb-ultimate-addon","init":"bb-ultimate-addon\/bb-ultimate-addon.php","name":"Ultimate Addons for Beaver Builder"}]},"id-54364":{"title":"Grills","featured-image-url":"https:\/\/websitedemos.net\/wp-content\/uploads\/2021\/05\/wine-and-bar-restaurant-03-grills.jpg","thumbnail-image-url":"https:\/\/websitedemos.net\/wp-content\/uploads\/2021\/05\/wine-and-bar-restaurant-03-grills.jpg","astra-page-api-url":"https:\/\/websitedemos.net\/wine-bar-and-restaurant-03\/wp-json\/wp\/v2\/pages\/883","dynamic-page":"no","astra-page-url":"\/\/websitedemos.net\/wine-bar-and-restaurant-03\/grills\/","astra-sites-tag":{"2027":"grills","565":"menu"},"site-pages-type":"agency-mini","site-pages-page-builder":"beaver-builder","site-pages-category":[],"site-pages-parent-category":{"60":"business"},"required-plugins":[{"slug":"beaver-builder-lite-version","init":"beaver-builder-lite-version\/fl-builder.php","name":"Beaver Builder Plugin (Lite Version)"},{"slug":"bb-ultimate-addon","init":"bb-ultimate-addon\/bb-ultimate-addon.php","name":"Ultimate Addons for Beaver Builder"}]},"id-54365":{"title":"History","featured-image-url":"https:\/\/websitedemos.net\/wp-content\/uploads\/2021\/04\/wine-bar-and-restaurant-04-history.jpg","thumbnail-image-url":"https:\/\/websitedemos.net\/wp-content\/uploads\/2021\/04\/wine-bar-and-restaurant-04-history.jpg","astra-page-api-url":"https:\/\/websitedemos.net\/wine-bar-and-restaurant-03\/wp-json\/wp\/v2\/pages\/881","dynamic-page":"no","astra-page-url":"\/\/websitedemos.net\/wine-bar-and-restaurant-03\/history\/","astra-sites-tag":{"352":"about","645":"history"},"site-pages-type":"agency-mini","site-pages-page-builder":"beaver-builder","site-pages-category":[],"site-pages-parent-category":{"60":"business"},"required-plugins":[{"slug":"beaver-builder-lite-version","init":"beaver-builder-lite-version\/fl-builder.php","name":"Beaver Builder Plugin (Lite Version)"},{"slug":"bb-ultimate-addon","init":"bb-ultimate-addon\/bb-ultimate-addon.php","name":"Ultimate Addons for Beaver Builder"}]},"id-54366":{"title":"Home","featured-image-url":"https:\/\/websitedemos.net\/wp-content\/uploads\/2021\/05\/wine-and-bar-restaurant-03-home.jpg","thumbnail-image-url":"https:\/\/websitedemos.net\/wp-content\/uploads\/2021\/05\/wine-and-bar-restaurant-03-home.jpg","astra-page-api-url":"https:\/\/websitedemos.net\/wine-bar-and-restaurant-03\/wp-json\/wp\/v2\/pages\/879","dynamic-page":"no","astra-page-url":"\/\/websitedemos.net\/wine-bar-and-restaurant-03\/","astra-sites-tag":{"423":"home"},"site-pages-type":"agency-mini","site-pages-page-builder":"beaver-builder","site-pages-category":[],"site-pages-parent-category":{"60":"business"},"required-plugins":[{"slug":"beaver-builder-lite-version","init":"beaver-builder-lite-version\/fl-builder.php","name":"Beaver Builder Plugin (Lite Version)"},{"slug":"bb-ultimate-addon","init":"bb-ultimate-addon\/bb-ultimate-addon.php","name":"Ultimate Addons for Beaver Builder"}]},"id-54367":{"title":"Wines","featured-image-url":"https:\/\/websitedemos.net\/wp-content\/uploads\/2021\/05\/wine-and-bar-restaurant-03-wines.jpg","thumbnail-image-url":"https:\/\/websitedemos.net\/wp-content\/uploads\/2021\/05\/wine-and-bar-restaurant-03-wines.jpg","astra-page-api-url":"https:\/\/websitedemos.net\/wine-bar-and-restaurant-03\/wp-json\/wp\/v2\/pages\/885","dynamic-page":"no","astra-page-url":"\/\/websitedemos.net\/wine-bar-and-restaurant-03\/wines\/","astra-sites-tag":{"565":"menu","1979":"wine"},"site-pages-type":"agency-mini","site-pages-page-builder":"beaver-builder","site-pages-category":[],"site-pages-parent-category":{"60":"business"},"required-plugins":[{"slug":"beaver-builder-lite-version","init":"beaver-builder-lite-version\/fl-builder.php","name":"Beaver Builder Plugin (Lite Version)"},{"slug":"bb-ultimate-addon","init":"bb-ultimate-addon\/bb-ultimate-addon.php","name":"Ultimate Addons for Beaver Builder"}]}},"related-bb-template":"","related-elementor-template":"","related-gutenberg-template":"","related_ecommerce_template":"","ecommerce_parent_template":""},"id-58561":{"title":"Fashion Designer","id":58561,"publish-date":1634042866,"featured-image-url":"https:\/\/websitedemos.net\/wp-content\/uploads\/2021\/10\/fashion-designer-boutique-08.jpg","thumbnail-image-url":"https:\/\/websitedemos.net\/wp-content\/uploads\/2021\/10\/fashion-designer-boutique-08-600x2900.jpg","fullpage-thumbnail-image-url":"https:\/\/websitedemos.net\/wp-content\/uploads\/2021\/10\/fashion-designer-boutique-08-400x1933.jpg","astra-site-url":"\/\/websitedemos.net\/fashion-designer-boutique-08","astra-site-parent-id":2452,"astra-sites-tag":{"2105":"boutique","2418":"commerce","2350":"designer-cloths-store","496":"ecommerce","2419":"eshopping","2327":"fashion-designer","2349":"fashion-designer-boutique","2351":"fashion-designer-portfolio","2422":"online-market","732":"online-shop","2420":"online-shopping","383":"online-store","444":"portfolio","2421":"purchases","2417":"reseller","733":"shop","2416":"shopping","749":"store","966":"woo-commerce","1024":"woocommerce"},"astra-sites-type":"free","astra-site-category":{"38":"ecommerce","39":"free"},"astra-sites-template-category":[],"astra-site-page-builder":"gutenberg","categories":{"2495":"ecommerce"},"required-plugins":[{"slug":"checkout-plugins-stripe-woo","init":"checkout-plugins-stripe-woo\/checkout-plugins-stripe-woo.php","name":"Checkout Plugins - Stripe for WooCommerce"},{"slug":"ultimate-addons-for-gutenberg","init":"ultimate-addons-for-gutenberg\/ultimate-addons-for-gutenberg.php","name":"Spectra"},{"slug":"woocommerce","init":"woocommerce\/woocommerce.php","name":"WooCommerce"},{"slug":"variation-swatches-woo","init":"variation-swatches-woo\/variation-swatches-woo.php","name":"Variation Swatches for WooCommerce"}],"post-status":"publish","post-content":"","post-excerpt":"","pages":{"id-58562":{"title":"About","featured-image-url":"https:\/\/websitedemos.net\/wp-content\/uploads\/2021\/10\/fashion-designer-boutique-08-about-2.jpg","thumbnail-image-url":"https:\/\/websitedemos.net\/wp-content\/uploads\/2021\/10\/fashion-designer-boutique-08-about-2-600x1400.jpg","astra-page-api-url":"https:\/\/websitedemos.net\/fashion-designer-boutique-08\/wp-json\/wp\/v2\/pages\/1009","dynamic-page":"no","astra-page-url":"\/\/websitedemos.net\/fashion-designer-boutique-08\/about\/","astra-sites-tag":{"352":"about"},"site-pages-type":"free","site-pages-page-builder":"gutenberg","site-pages-category":[],"site-pages-parent-category":{"64":"ecommerce","61":"free"},"required-plugins":[{"slug":"ultimate-addons-for-gutenberg","init":"ultimate-addons-for-gutenberg\/ultimate-addons-for-gutenberg.php","name":"Spectra"}]},"id-58564":{"title":"Contact","featured-image-url":"https:\/\/websitedemos.net\/wp-content\/uploads\/2021\/10\/fashion-designer-boutique-08-contact-1.jpg","thumbnail-image-url":"https:\/\/websitedemos.net\/wp-content\/uploads\/2021\/10\/fashion-designer-boutique-08-contact-1-600x1045.jpg","astra-page-api-url":"https:\/\/websitedemos.net\/fashion-designer-boutique-08\/wp-json\/wp\/v2\/pages\/1015","dynamic-page":"no","astra-page-url":"\/\/websitedemos.net\/fashion-designer-boutique-08\/contact\/","astra-sites-tag":{"415":"contact"},"site-pages-type":"free","site-pages-page-builder":"gutenberg","site-pages-category":[],"site-pages-parent-category":{"64":"ecommerce","61":"free"},"required-plugins":[{"slug":"ultimate-addons-for-gutenberg","init":"ultimate-addons-for-gutenberg\/ultimate-addons-for-gutenberg.php","name":"Spectra"}]},"id-58563":{"title":"Collection","featured-image-url":"https:\/\/websitedemos.net\/wp-content\/uploads\/2021\/10\/fashion-designer-boutique-08-collection-1.jpg","thumbnail-image-url":"https:\/\/websitedemos.net\/wp-content\/uploads\/2021\/10\/fashion-designer-boutique-08-collection-1-600x2040.jpg","astra-page-api-url":"https:\/\/websitedemos.net\/fashion-designer-boutique-08\/wp-json\/wp\/v2\/pages\/1011","dynamic-page":"yes","astra-page-url":"\/\/websitedemos.net\/fashion-designer-boutique-08\/collection\/","astra-sites-tag":{"596":"collection","2453":"stock"},"site-pages-type":"free","site-pages-page-builder":"gutenberg","site-pages-category":[],"site-pages-parent-category":{"64":"ecommerce","61":"free"},"required-plugins":[{"slug":"ultimate-addons-for-gutenberg","init":"ultimate-addons-for-gutenberg\/ultimate-addons-for-gutenberg.php","name":"Spectra"}]},"id-58566":{"title":"New Arrivals","featured-image-url":"https:\/\/websitedemos.net\/wp-content\/uploads\/2021\/10\/fashion-designer-boutique-08-new-arrivals-1.jpg","thumbnail-image-url":"https:\/\/websitedemos.net\/wp-content\/uploads\/2021\/10\/fashion-designer-boutique-08-new-arrivals-1-600x2023.jpg","astra-page-api-url":"https:\/\/websitedemos.net\/fashion-designer-boutique-08\/wp-json\/wp\/v2\/pages\/1013","dynamic-page":"yes","astra-page-url":"\/\/websitedemos.net\/fashion-designer-boutique-08\/new-arrivals\/","astra-sites-tag":{"2326":"new-arrival"},"site-pages-type":"free","site-pages-page-builder":"gutenberg","site-pages-category":[],"site-pages-parent-category":{"64":"ecommerce","61":"free"},"required-plugins":[{"slug":"ultimate-addons-for-gutenberg","init":"ultimate-addons-for-gutenberg\/ultimate-addons-for-gutenberg.php","name":"Spectra"}]},"id-58565":{"title":"Home","featured-image-url":"https:\/\/websitedemos.net\/wp-content\/uploads\/2021\/10\/fashion-designer-boutique-08.jpg","thumbnail-image-url":"https:\/\/websitedemos.net\/wp-content\/uploads\/2021\/10\/fashion-designer-boutique-08-600x2900.jpg","astra-page-api-url":"https:\/\/websitedemos.net\/fashion-designer-boutique-08\/wp-json\/wp\/v2\/pages\/1007","dynamic-page":"yes","astra-page-url":"\/\/websitedemos.net\/fashion-designer-boutique-08\/","astra-sites-tag":{"423":"home"},"site-pages-type":"free","site-pages-page-builder":"gutenberg","site-pages-category":[],"site-pages-parent-category":{"64":"ecommerce","61":"free"},"required-plugins":[{"slug":"ultimate-addons-for-gutenberg","init":"ultimate-addons-for-gutenberg\/ultimate-addons-for-gutenberg.php","name":"Spectra"}]}},"related-bb-template":"","related-elementor-template":"","related-gutenberg-template":"","related_ecommerce_template":"","ecommerce_parent_template":""},"id-22009":{"title":"LearnDash Academy","id":22009,"publish-date":1559573120,"featured-image-url":"https:\/\/websitedemos.net\/wp-content\/uploads\/2020\/01\/learndash-academy-02-home.jpg","thumbnail-image-url":"https:\/\/websitedemos.net\/wp-content\/uploads\/2020\/01\/learndash-academy-02-home.jpg","fullpage-thumbnail-image-url":"https:\/\/websitedemos.net\/wp-content\/uploads\/2020\/01\/learndash-academy-02-home.jpg","astra-site-url":"\/\/websitedemos.net\/learndash-academy-02","astra-site-parent-id":851,"astra-sites-tag":{"462":"courses","469":"ecourse","468":"elearning","467":"learndash","460":"learning","466":"online-courses","975":"online-learning"},"astra-sites-type":"free","astra-site-category":{"27":"business","39":"free"},"astra-sites-template-category":{"2825":"coaching","2772":"education","2835":"elearning","2880":"membership","2827":"online-course"},"astra-site-page-builder":"elementor","categories":{"2494":"elearning"},"required-plugins":[{"slug":"elementor","init":"elementor\/elementor.php","name":"Elementor"},{"slug":"sfwd-lms","init":"sfwd-lms\/sfwd_lms.php","name":"LearnDash LMS"},{"slug":"learndash-course-grid","init":"learndash-course-grid\/learndash_course_grid.php","name":"LearnDash LMS - Course Grid"},{"slug":"woocommerce","init":"woocommerce\/woocommerce.php","name":"WooCommerce"},{"slug":"learndash-woocommerce","init":"learndash-woocommerce\/learndash_woocommerce.php","name":"LearnDash LMS - WooCommerce Integration"},{"slug":"cartflows","init":"cartflows\/cartflows.php","name":"CartFlows"},{"slug":"wpforms-lite","init":"wpforms-lite\/wpforms.php","name":"WPForms Lite"},{"slug":"presto-player","init":"presto-player\/presto-player.php","name":"Presto Player"}],"post-status":"publish","post-content":"<!-- wp:paragraph -->\n<p>Want to create an online course platform using the most popular WordPress LMS plugin, LearnDash? Our LearnDash Academy website template is just what you need. Coupled with the LearnDash plugin, you can create a course from scratch or use one of our professionally pre-built templates to start quickly.<\/p>\n<!-- \/wp:paragraph -->\n\n<!-- wp:paragraph -->\n<p>The LearnDash Academy template has everything you need to build your online academy website and start delivering online courses, quizzes, certificates, and more.<\/p>\n<!-- \/wp:paragraph -->\n\n<!-- wp:heading -->\n<h2>Key features of the LearnDash Academy template<\/h2>\n<!-- \/wp:heading -->\n\n<!-- wp:list -->\n<ul><li>Professionally designed online course platform<\/li><li>Well integrated with the LearnDash WordPress plugin<\/li><li>Offer courses, quizzes, training, certificates, and more<\/li><li>Offer free and paid online courses<\/li><li>Fully customizable and compatible with popular page builders<\/li><\/ul>\n<!-- \/wp:list -->","post-excerpt":"The perfect LMS platform to manage all your online courses, training, quizzes, and more","pages":{"id-42985":{"title":"Home","featured-image-url":"https:\/\/websitedemos.net\/wp-content\/uploads\/2020\/01\/learndash-academy-02-home.jpg","thumbnail-image-url":"https:\/\/websitedemos.net\/wp-content\/uploads\/2020\/01\/learndash-academy-02-home.jpg","astra-page-api-url":"https:\/\/websitedemos.net\/learndash-academy-02\/wp-json\/wp\/v2\/pages\/17","dynamic-page":"yes","astra-page-url":"\/\/websitedemos.net\/learndash-academy-02\/","astra-sites-tag":{"423":"home"},"site-pages-type":"free","site-pages-page-builder":"elementor","site-pages-category":[],"site-pages-parent-category":{"60":"business","61":"free"},"required-plugins":[{"slug":"elementor","init":"elementor\/elementor.php","name":"Elementor"}]},"id-42984":{"title":"All Courses","featured-image-url":"https:\/\/websitedemos.net\/wp-content\/uploads\/2020\/01\/learndash-academy-02-courses.jpg","thumbnail-image-url":"https:\/\/websitedemos.net\/wp-content\/uploads\/2020\/01\/learndash-academy-02-courses.jpg","astra-page-api-url":"https:\/\/websitedemos.net\/learndash-academy-02\/wp-json\/wp\/v2\/pages\/201","dynamic-page":"yes","astra-page-url":"\/\/websitedemos.net\/learndash-academy-02\/all-courses\/","astra-sites-tag":{"462":"courses"},"site-pages-type":"free","site-pages-page-builder":"elementor","site-pages-category":[],"site-pages-parent-category":{"60":"business","61":"free"},"required-plugins":[{"slug":"elementor","init":"elementor\/elementor.php","name":"Elementor"}]},"id-31168":{"title":"About","featured-image-url":"https:\/\/websitedemos.net\/wp-content\/uploads\/2020\/01\/learndash-academy-02-about.jpg","thumbnail-image-url":"https:\/\/websitedemos.net\/wp-content\/uploads\/2020\/01\/learndash-academy-02-about.jpg","astra-page-api-url":"https:\/\/websitedemos.net\/learndash-academy-02\/wp-json\/wp\/v2\/pages\/158","dynamic-page":"no","astra-page-url":"\/\/websitedemos.net\/learndash-academy-02\/about\/","astra-sites-tag":{"352":"about"},"site-pages-type":"free","site-pages-page-builder":"elementor","site-pages-category":[],"site-pages-parent-category":{"60":"business","61":"free"},"required-plugins":[{"slug":"elementor","init":"elementor\/elementor.php","name":"Elementor"}]},"id-31169":{"title":"Contact","featured-image-url":"https:\/\/websitedemos.net\/wp-content\/uploads\/2020\/01\/learndash-academy-02-contact.jpg","thumbnail-image-url":"https:\/\/websitedemos.net\/wp-content\/uploads\/2020\/01\/learndash-academy-02-contact.jpg","astra-page-api-url":"https:\/\/websitedemos.net\/learndash-academy-02\/wp-json\/wp\/v2\/pages\/401","dynamic-page":"no","astra-page-url":"\/\/websitedemos.net\/learndash-academy-02\/contact\/","astra-sites-tag":{"415":"contact","454":"contact-us","377":"get-in-touch"},"site-pages-type":"free","site-pages-page-builder":"elementor","site-pages-category":[],"site-pages-parent-category":{"60":"business","61":"free"},"required-plugins":[{"slug":"elementor","init":"elementor\/elementor.php","name":"Elementor"},{"slug":"wpforms-lite","init":"wpforms-lite\/wpforms.php","name":"WPForms Lite"}]}},"related-bb-template":22110,"related-elementor-template":22009,"related-gutenberg-template":47984,"related_ecommerce_template":"","ecommerce_parent_template":""},"id-69823":{"title":"Wildlife Safari","id":69823,"publish-date":1668447761,"featured-image-url":"https:\/\/websitedemos.net\/wp-content\/uploads\/2022\/11\/wildlife-safari-04.jpg","thumbnail-image-url":"https:\/\/websitedemos.net\/wp-content\/uploads\/2022\/11\/wildlife-safari-04-600x3453.jpg","fullpage-thumbnail-image-url":"https:\/\/websitedemos.net\/wp-content\/uploads\/2022\/11\/wildlife-safari-04-400x2302.jpg","astra-site-url":"\/\/websitedemos.net\/wildlife-safari-04","astra-site-parent-id":2957,"astra-sites-tag":{"544":"adventure","1931":"animals","2979":"awareness","2976":"conservation","2971":"elephant","2974":"kenya","2970":"lion-2","2973":"love","2975":"natgeo-2","2978":"natgeowild","535":"nature","2977":"naturelovers","2968":"safari-2","2972":"wild-2","2969":"wildlife-2"},"astra-sites-type":"agency-mini","astra-site-category":{"36":"other"},"astra-sites-template-category":{"2830":"nature","2809":"pet-animal","2775":"travel-tourism"},"astra-site-page-builder":"elementor","categories":{"2472":"pets"},"required-plugins":[{"slug":"elementor","init":"elementor\/elementor.php","name":"Elementor"},{"slug":"wpforms-lite","init":"wpforms-lite\/wpforms.php","name":"WPForms Lite"}],"post-status":"publish","post-content":"<!-- wp:paragraph -->\n<p>The Wildlife Safari template makes an instant impact with its strong headline and header image. It unfolds to more strong imagery and contrasting white fonts on a dark background. It\u2019s a very attractive design that grabs and then keeps your attention.<\/p>\n<!-- \/wp:paragraph -->\n\n<!-- wp:paragraph -->\n<p>The rest of the Wildlife Safari template uses imagery and fonts very well. There are options to sell experiences or safari holidays, pages to highlight products and offers and the background to popular destinations. Everything can be fully customized too!<\/p>\n<!-- \/wp:paragraph -->\n\n<!-- wp:heading -->\n<h2>Key features of the Wildlife Safari template<\/h2>\n<!-- \/wp:heading -->\n\n<!-- wp:list -->\n<ul><!-- wp:list-item -->\n<li>Striking Wildlife Safari template<\/li>\n<!-- \/wp:list-item -->\n\n<!-- wp:list-item -->\n<li>Dark design with contrasting colors makes an impact<\/li>\n<!-- \/wp:list-item -->\n\n<!-- wp:list-item -->\n<li>Uses imagery to help engagement very effectively<\/li>\n<!-- \/wp:list-item -->\n\n<!-- wp:list-item -->\n<li>Optional page elements can be added anywhere<\/li>\n<!-- \/wp:list-item -->\n\n<!-- wp:list-item -->\n<li>Full compatibility with leading page builders<\/li>\n<!-- \/wp:list-item --><\/ul>\n<!-- \/wp:list -->","post-excerpt":"Striking Wildlife Safari template with dark design and lots of potential","pages":{"id-69824":{"title":"About us","featured-image-url":"https:\/\/websitedemos.net\/wp-content\/uploads\/2022\/11\/wildlife-safari-04-about-us.jpg","thumbnail-image-url":"https:\/\/websitedemos.net\/wp-content\/uploads\/2022\/11\/wildlife-safari-04-about-us-600x2294.jpg","astra-page-api-url":"https:\/\/websitedemos.net\/wildlife-safari-04\/wp-json\/wp\/v2\/pages\/13","dynamic-page":"no","astra-page-url":"\/\/websitedemos.net\/wildlife-safari-04\/about-us\/","astra-sites-tag":{"455":"about-us"},"site-pages-type":"agency-mini","site-pages-page-builder":"elementor","site-pages-category":[],"site-pages-parent-category":{"139":"other"},"required-plugins":[{"slug":"elementor","init":"elementor\/elementor.php","name":"Elementor"}]},"id-69825":{"title":"Awareness","featured-image-url":"https:\/\/websitedemos.net\/wp-content\/uploads\/2022\/11\/wildlife-safari-04-awareness.jpg","thumbnail-image-url":"https:\/\/websitedemos.net\/wp-content\/uploads\/2022\/11\/wildlife-safari-04-awareness-600x2134.jpg","astra-page-api-url":"https:\/\/websitedemos.net\/wildlife-safari-04\/wp-json\/wp\/v2\/pages\/11","dynamic-page":"no","astra-page-url":"\/\/websitedemos.net\/wildlife-safari-04\/awareness\/","astra-sites-tag":{"2979":"awareness"},"site-pages-type":"agency-mini","site-pages-page-builder":"elementor","site-pages-category":[],"site-pages-parent-category":{"139":"other"},"required-plugins":[{"slug":"elementor","init":"elementor\/elementor.php","name":"Elementor"}]},"id-69826":{"title":"Contact","featured-image-url":"https:\/\/websitedemos.net\/wp-content\/uploads\/2022\/11\/wildlife-safari-04-contact.jpg","thumbnail-image-url":"https:\/\/websitedemos.net\/wp-content\/uploads\/2022\/11\/wildlife-safari-04-contact-600x954.jpg","astra-page-api-url":"https:\/\/websitedemos.net\/wildlife-safari-04\/wp-json\/wp\/v2\/pages\/15","dynamic-page":"no","astra-page-url":"\/\/websitedemos.net\/wildlife-safari-04\/contact\/","astra-sites-tag":{"415":"contact"},"site-pages-type":"agency-mini","site-pages-page-builder":"elementor","site-pages-category":[],"site-pages-parent-category":{"139":"other"},"required-plugins":[{"slug":"elementor","init":"elementor\/elementor.php","name":"Elementor"},{"slug":"wpforms-lite","init":"wpforms-lite\/wpforms.php","name":"WPForms Lite"}]},"id-69827":{"title":"Home","featured-image-url":"https:\/\/websitedemos.net\/wp-content\/uploads\/2022\/11\/wildlife-safari-04.jpg","thumbnail-image-url":"https:\/\/websitedemos.net\/wp-content\/uploads\/2022\/11\/wildlife-safari-04-600x3453.jpg","astra-page-api-url":"https:\/\/websitedemos.net\/wildlife-safari-04\/wp-json\/wp\/v2\/pages\/5","dynamic-page":"no","astra-page-url":"\/\/websitedemos.net\/wildlife-safari-04\/","astra-sites-tag":{"423":"home","814":"homepage"},"site-pages-type":"agency-mini","site-pages-page-builder":"elementor","site-pages-category":[],"site-pages-parent-category":{"139":"other"},"required-plugins":[{"slug":"elementor","init":"elementor\/elementor.php","name":"Elementor"}]},"id-69828":{"title":"Safaris","featured-image-url":"https:\/\/websitedemos.net\/wp-content\/uploads\/2022\/11\/wildlife-safari-04-safaris.jpg","thumbnail-image-url":"https:\/\/websitedemos.net\/wp-content\/uploads\/2022\/11\/wildlife-safari-04-safaris-600x1546.jpg","astra-page-api-url":"https:\/\/websitedemos.net\/wildlife-safari-04\/wp-json\/wp\/v2\/pages\/9","dynamic-page":"no","astra-page-url":"\/\/websitedemos.net\/wildlife-safari-04\/safaris\/","astra-sites-tag":{"2980":"safaris"},"site-pages-type":"agency-mini","site-pages-page-builder":"elementor","site-pages-category":[],"site-pages-parent-category":{"139":"other"},"required-plugins":[{"slug":"elementor","init":"elementor\/elementor.php","name":"Elementor"}]}},"related-bb-template":"","related-elementor-template":"","related-gutenberg-template":"","related_ecommerce_template":"","ecommerce_parent_template":""},"id-57365":{"title":"Office Furniture Store","id":57365,"publish-date":1629979669,"featured-image-url":"https:\/\/websitedemos.net\/wp-content\/uploads\/2021\/08\/office-furniture-store-04-homepage.jpg","thumbnail-image-url":"https:\/\/websitedemos.net\/wp-content\/uploads\/2021\/08\/office-furniture-store-04-homepage.jpg","fullpage-thumbnail-image-url":"https:\/\/websitedemos.net\/wp-content\/uploads\/2021\/08\/office-furniture-store-04-homepage.jpg","astra-site-url":"\/\/websitedemos.net\/office-furniture-store-04","astra-site-parent-id":2331,"astra-sites-tag":{"2418":"commerce","1017":"e-commerce","496":"ecommerce","1817":"ecommerce-store","2419":"eshopping","524":"furniture","856":"furniture-store","2359":"home-furniture-store","2358":"office-furniture-store","2357":"online-furniture-store","2420":"online-shopping","383":"online-store","2421":"purchases","2417":"reseller","733":"shop","2416":"shopping","749":"store","1024":"woocommerce","2356":"work-from-home"},"astra-sites-type":"agency-mini","astra-site-category":{"27":"business","38":"ecommerce"},"astra-sites-template-category":{"2777":"business","2769":"ecommerce","2879":"furniture","2793":"interior-design","2857":"online-shopping"},"astra-site-page-builder":"elementor","categories":{"2495":"ecommerce"},"required-plugins":[{"slug":"elementor","init":"elementor\/elementor.php","name":"Elementor"},{"slug":"header-footer-elementor","init":"header-footer-elementor\/header-footer-elementor.php","name":"Elementor Header & Footer Builder"},{"slug":"checkout-plugins-stripe-woo","init":"checkout-plugins-stripe-woo\/checkout-plugins-stripe-woo.php","name":"Checkout Plugins - Stripe for WooCommerce"},{"slug":"woocommerce","init":"woocommerce\/woocommerce.php","name":"WooCommerce"},{"slug":"wpforms-lite","init":"wpforms-lite\/wpforms.php","name":"WPForms Lite"},{"slug":"astra-addon","init":"astra-addon\/astra-addon.php","name":"Astra Pro"},{"slug":"variation-swatches-woo","init":"variation-swatches-woo\/variation-swatches-woo.php","name":"Variation Swatches for WooCommerce"}],"post-status":"publish","post-content":"<!-- wp:paragraph -->\n<p>Office Furniture Store is a WooCommerce-ready website template that\u2019ll help you create an online store for selling office furniture. It features an elegant and impressive design with a modern look and feel, and a user-friendly checkout process.<\/p>\n<!-- \/wp:paragraph -->\n\n<!-- wp:paragraph -->\n<p>Include your entire range of quality office furniture products, such as desks, chairs, storage units, and more. The individual product pages allow you to accept customer reviews and show related products.<\/p>\n<!-- \/wp:paragraph -->\n\n<!-- wp:heading -->\n<h2>Key features of the Office Furniture Store template<\/h2>\n<!-- \/wp:heading -->\n\n<!-- wp:list -->\n<ul><!-- wp:list-item -->\n<li>Elegantly designed and WooCommerce-ready website template<\/li>\n<!-- \/wp:list-item -->\n\n<!-- wp:list-item -->\n<li>Impressive layout allows you to promote products clutter-free<\/li>\n<!-- \/wp:list-item -->\n\n<!-- wp:list-item -->\n<li>Showcase products based on new arrivals and featured collections<\/li>\n<!-- \/wp:list-item -->\n\n<!-- wp:list-item -->\n<li>Fully customizable and flexible template<\/li>\n<!-- \/wp:list-item -->\n\n<!-- wp:list-item -->\n<li>Compatible with leading WordPress page builder plugins<\/li>\n<!-- \/wp:list-item --><\/ul>\n<!-- \/wp:list -->","post-excerpt":"A perfect website template for those looking to start their own online furniture shop","pages":{"id-57366":{"title":"About","featured-image-url":"https:\/\/websitedemos.net\/wp-content\/uploads\/2021\/08\/office-furniture-store-04-about.jpg","thumbnail-image-url":"https:\/\/websitedemos.net\/wp-content\/uploads\/2021\/08\/office-furniture-store-04-about.jpg","astra-page-api-url":"https:\/\/websitedemos.net\/office-furniture-store-04\/wp-json\/wp\/v2\/pages\/433","dynamic-page":"no","astra-page-url":"\/\/websitedemos.net\/office-furniture-store-04\/about\/","astra-sites-tag":{"352":"about"},"site-pages-type":"agency-mini","site-pages-page-builder":"elementor","site-pages-category":[],"site-pages-parent-category":{"60":"business","64":"ecommerce"},"required-plugins":[{"slug":"elementor","init":"elementor\/elementor.php","name":"Elementor"}]},"id-57367":{"title":"Contact","featured-image-url":"https:\/\/websitedemos.net\/wp-content\/uploads\/2021\/08\/office-furniture-store-04-contact.jpg","thumbnail-image-url":"https:\/\/websitedemos.net\/wp-content\/uploads\/2021\/08\/office-furniture-store-04-contact.jpg","astra-page-api-url":"https:\/\/websitedemos.net\/office-furniture-store-04\/wp-json\/wp\/v2\/pages\/554","dynamic-page":"no","astra-page-url":"\/\/websitedemos.net\/office-furniture-store-04\/contact\/","astra-sites-tag":{"415":"contact"},"site-pages-type":"agency-mini","site-pages-page-builder":"elementor","site-pages-category":[],"site-pages-parent-category":{"60":"business","64":"ecommerce"},"required-plugins":[{"slug":"elementor","init":"elementor\/elementor.php","name":"Elementor"},{"slug":"wpforms-lite","init":"wpforms-lite\/wpforms.php","name":"WPForms Lite"}]},"id-57368":{"title":"Home","featured-image-url":"https:\/\/websitedemos.net\/wp-content\/uploads\/2021\/08\/office-furniture-store-04-homepage.jpg","thumbnail-image-url":"https:\/\/websitedemos.net\/wp-content\/uploads\/2021\/08\/office-furniture-store-04-homepage.jpg","astra-page-api-url":"https:\/\/websitedemos.net\/office-furniture-store-04\/wp-json\/wp\/v2\/pages\/27","dynamic-page":"yes","astra-page-url":"\/\/websitedemos.net\/office-furniture-store-04\/","astra-sites-tag":{"423":"home"},"site-pages-type":"agency-mini","site-pages-page-builder":"elementor","site-pages-category":[],"site-pages-parent-category":{"60":"business","64":"ecommerce"},"required-plugins":[{"slug":"elementor","init":"elementor\/elementor.php","name":"Elementor"}]},"id-57369":{"title":"Home Office Setups","featured-image-url":"https:\/\/websitedemos.net\/wp-content\/uploads\/2021\/08\/office-furniture-store-04-home-office-setups.jpg","thumbnail-image-url":"https:\/\/websitedemos.net\/wp-content\/uploads\/2021\/08\/office-furniture-store-04-home-office-setups.jpg","astra-page-api-url":"https:\/\/websitedemos.net\/office-furniture-store-04\/wp-json\/wp\/v2\/pages\/735","dynamic-page":"yes","astra-page-url":"\/\/websitedemos.net\/office-furniture-store-04\/home-office-setups\/","astra-sites-tag":{"2333":"home-setup","812":"office","2332":"office-setup"},"site-pages-type":"agency-mini","site-pages-page-builder":"elementor","site-pages-category":[],"site-pages-parent-category":{"60":"business","64":"ecommerce"},"required-plugins":[{"slug":"elementor","init":"elementor\/elementor.php","name":"Elementor"}]},"id-57370":{"title":"Office Setups","featured-image-url":"https:\/\/websitedemos.net\/wp-content\/uploads\/2021\/08\/office-furniture-store-04-office-setups.jpg","thumbnail-image-url":"https:\/\/websitedemos.net\/wp-content\/uploads\/2021\/08\/office-furniture-store-04-office-setups.jpg","astra-page-api-url":"https:\/\/websitedemos.net\/office-furniture-store-04\/wp-json\/wp\/v2\/pages\/621","dynamic-page":"yes","astra-page-url":"\/\/websitedemos.net\/office-furniture-store-04\/office-setups\/","astra-sites-tag":{"2332":"office-setup"},"site-pages-type":"agency-mini","site-pages-page-builder":"elementor","site-pages-category":[],"site-pages-parent-category":{"60":"business","64":"ecommerce"},"required-plugins":[{"slug":"elementor","init":"elementor\/elementor.php","name":"Elementor"}]}},"related-bb-template":"","related-elementor-template":"","related-gutenberg-template":"","related_ecommerce_template":"","ecommerce_parent_template":""},"id-22110":{"title":"Learndash Academy","id":22110,"publish-date":1561291642,"featured-image-url":"https:\/\/websitedemos.net\/wp-content\/uploads\/2019\/10\/learndash-academy-01-home-1.jpg","thumbnail-image-url":"https:\/\/websitedemos.net\/wp-content\/uploads\/2019\/10\/learndash-academy-01-home-1.jpg","fullpage-thumbnail-image-url":"https:\/\/websitedemos.net\/wp-content\/uploads\/2019\/10\/learndash-academy-01-home-1.jpg","astra-site-url":"\/\/websitedemos.net\/learndash-academy-01","astra-site-parent-id":885,"astra-sites-tag":{"462":"courses","468":"elearning","467":"learndash","460":"learning","466":"online-courses","975":"online-learning"},"astra-sites-type":"free","astra-site-category":{"27":"business","39":"free"},"astra-sites-template-category":[],"astra-site-page-builder":"beaver-builder","categories":{"2494":"elearning"},"required-plugins":[{"slug":"beaver-builder-lite-version","init":"beaver-builder-lite-version\/fl-builder.php","name":"Beaver Builder Plugin (Lite Version)"},{"slug":"cartflows","init":"cartflows\/cartflows.php","name":"CartFlows"},{"slug":"ultimate-addons-for-beaver-builder-lite","init":"ultimate-addons-for-beaver-builder-lite\/bb-ultimate-addon.php","name":"Ultimate Addons for Beaver Builder - Lite"},{"slug":"sfwd-lms","init":"sfwd-lms\/sfwd_lms.php","name":"LearnDash LMS"},{"slug":"learndash-course-grid","init":"learndash-course-grid\/learndash_course_grid.php","name":"LearnDash LMS - Course Grid"},{"slug":"learndash-woocommerce","init":"learndash-woocommerce\/learndash_woocommerce.php","name":"LearnDash LMS - WooCommerce Integration"},{"slug":"presto-player","init":"presto-player\/presto-player.php","name":"Presto Player"},{"slug":"woocommerce","init":"woocommerce\/woocommerce.php","name":"WooCommerce"},{"slug":"wpforms-lite","init":"wpforms-lite\/wpforms.php","name":"WPForms Lite"}],"post-status":"publish","post-content":"","post-excerpt":"","pages":{"id-34127":{"title":"Home","featured-image-url":"https:\/\/websitedemos.net\/wp-content\/uploads\/2019\/10\/learndash-academy-01-home-1.jpg","thumbnail-image-url":"https:\/\/websitedemos.net\/wp-content\/uploads\/2019\/10\/learndash-academy-01-home-1.jpg","astra-page-api-url":"https:\/\/websitedemos.net\/learndash-academy-01\/wp-json\/wp\/v2\/pages\/17","dynamic-page":"yes","astra-page-url":"\/\/websitedemos.net\/learndash-academy-01\/","astra-sites-tag":{"423":"home"},"site-pages-type":"free","site-pages-page-builder":"beaver-builder","site-pages-category":[],"site-pages-parent-category":{"60":"business","61":"free"},"required-plugins":[{"slug":"beaver-builder-lite-version","init":"beaver-builder-lite-version\/fl-builder.php","name":"Beaver Builder Plugin (Lite Version)"},{"slug":"ultimate-addons-for-beaver-builder-lite","init":"ultimate-addons-for-beaver-builder-lite\/bb-ultimate-addon.php","name":"Ultimate Addons for Beaver Builder - Lite"}]},"id-34126":{"title":"All Courses","featured-image-url":"https:\/\/websitedemos.net\/wp-content\/uploads\/2019\/10\/learndash-academy-01-courses.jpg","thumbnail-image-url":"https:\/\/websitedemos.net\/wp-content\/uploads\/2019\/10\/learndash-academy-01-courses.jpg","astra-page-api-url":"https:\/\/websitedemos.net\/learndash-academy-01\/wp-json\/wp\/v2\/pages\/201","dynamic-page":"yes","astra-page-url":"\/\/websitedemos.net\/learndash-academy-01\/all-courses\/","astra-sites-tag":{"462":"courses"},"site-pages-type":"free","site-pages-page-builder":"beaver-builder","site-pages-category":[],"site-pages-parent-category":{"60":"business","61":"free"},"required-plugins":[{"slug":"beaver-builder-lite-version","init":"beaver-builder-lite-version\/fl-builder.php","name":"Beaver Builder Plugin (Lite Version)"},{"slug":"ultimate-addons-for-beaver-builder-lite","init":"ultimate-addons-for-beaver-builder-lite\/bb-ultimate-addon.php","name":"Ultimate Addons for Beaver Builder - Lite"}]},"id-31832":{"title":"About","featured-image-url":"https:\/\/websitedemos.net\/wp-content\/uploads\/2019\/10\/learndash-academy-01-about.jpg","thumbnail-image-url":"https:\/\/websitedemos.net\/wp-content\/uploads\/2019\/10\/learndash-academy-01-about.jpg","astra-page-api-url":"https:\/\/websitedemos.net\/learndash-academy-01\/wp-json\/wp\/v2\/pages\/158","dynamic-page":"no","astra-page-url":"\/\/websitedemos.net\/learndash-academy-01\/about\/","astra-sites-tag":{"352":"about"},"site-pages-type":"free","site-pages-page-builder":"beaver-builder","site-pages-category":[],"site-pages-parent-category":{"60":"business","61":"free"},"required-plugins":[{"slug":"beaver-builder-lite-version","init":"beaver-builder-lite-version\/fl-builder.php","name":"Beaver Builder Plugin (Lite Version)"},{"slug":"ultimate-addons-for-beaver-builder-lite","init":"ultimate-addons-for-beaver-builder-lite\/bb-ultimate-addon.php","name":"Ultimate Addons for Beaver Builder - Lite"}]},"id-31833":{"title":"Contact","featured-image-url":"https:\/\/websitedemos.net\/wp-content\/uploads\/2019\/10\/learndash-academy-01-contact.jpg","thumbnail-image-url":"https:\/\/websitedemos.net\/wp-content\/uploads\/2019\/10\/learndash-academy-01-contact.jpg","astra-page-api-url":"https:\/\/websitedemos.net\/learndash-academy-01\/wp-json\/wp\/v2\/pages\/401","dynamic-page":"no","astra-page-url":"\/\/websitedemos.net\/learndash-academy-01\/contact\/","astra-sites-tag":{"415":"contact"},"site-pages-type":"free","site-pages-page-builder":"beaver-builder","site-pages-category":[],"site-pages-parent-category":{"60":"business","61":"free"},"required-plugins":[{"slug":"beaver-builder-lite-version","init":"beaver-builder-lite-version\/fl-builder.php","name":"Beaver Builder Plugin (Lite Version)"},{"slug":"ultimate-addons-for-beaver-builder-lite","init":"ultimate-addons-for-beaver-builder-lite\/bb-ultimate-addon.php","name":"Ultimate Addons for Beaver Builder - Lite"},{"slug":"wpforms-lite","init":"wpforms-lite\/wpforms.php","name":"WPForms Lite"}]}},"related-bb-template":"","related-elementor-template":"","related-gutenberg-template":"","related_ecommerce_template":"","ecommerce_parent_template":""},"id-47984":{"title":"LearnDash Academy","id":47984,"publish-date":1603828903,"featured-image-url":"https:\/\/websitedemos.net\/wp-content\/uploads\/2020\/10\/learndash-academy-08.jpg","thumbnail-image-url":"https:\/\/websitedemos.net\/wp-content\/uploads\/2020\/10\/learndash-academy-08-600x1847.jpg","fullpage-thumbnail-image-url":"https:\/\/websitedemos.net\/wp-content\/uploads\/2020\/10\/learndash-academy-08-400x1231.jpg","astra-site-url":"\/\/websitedemos.net\/learndash-academy-08","astra-site-parent-id":1691,"astra-sites-tag":{"462":"courses","468":"elearning","467":"learndash","460":"learning","466":"online-courses"},"astra-sites-type":"free","astra-site-category":{"27":"business","39":"free"},"astra-sites-template-category":[],"astra-site-page-builder":"gutenberg","categories":{"2494":"elearning"},"required-plugins":[{"slug":"ultimate-addons-for-gutenberg","init":"ultimate-addons-for-gutenberg\/ultimate-addons-for-gutenberg.php","name":"Spectra"},{"slug":"sfwd-lms","init":"sfwd-lms\/sfwd_lms.php","name":"LearnDash LMS"},{"slug":"learndash-course-grid","init":"learndash-course-grid\/learndash_course_grid.php","name":"LearnDash LMS - Course Grid"},{"slug":"presto-player","init":"presto-player\/presto-player.php","name":"Presto Player"}],"post-status":"publish","post-content":"","post-excerpt":"","pages":{"id-47988":{"title":"Home","featured-image-url":"https:\/\/websitedemos.net\/wp-content\/uploads\/2020\/10\/learndash-academy-08.jpg","thumbnail-image-url":"https:\/\/websitedemos.net\/wp-content\/uploads\/2020\/10\/learndash-academy-08-600x1847.jpg","astra-page-api-url":"https:\/\/websitedemos.net\/learndash-academy-08\/wp-json\/wp\/v2\/pages\/25407","dynamic-page":"yes","astra-page-url":"\/\/websitedemos.net\/learndash-academy-08\/","astra-sites-tag":{"423":"home","814":"homepage"},"site-pages-type":"free","site-pages-page-builder":"gutenberg","site-pages-category":[],"site-pages-parent-category":{"60":"business","61":"free"},"required-plugins":[{"slug":"sfwd-lms","init":"sfwd-lms\/sfwd_lms.php","name":"LearnDash LMS"},{"slug":"learndash-course-grid","init":"learndash-course-grid\/learndash_course_grid.php","name":"LearnDash LMS - Course Grid"},{"slug":"ultimate-addons-for-gutenberg","init":"ultimate-addons-for-gutenberg\/ultimate-addons-for-gutenberg.php","name":"Spectra"}]},"id-47986":{"title":"All Courses","featured-image-url":"https:\/\/websitedemos.net\/wp-content\/uploads\/2020\/10\/learndash-academy-08-all-courses.jpg","thumbnail-image-url":"https:\/\/websitedemos.net\/wp-content\/uploads\/2020\/10\/learndash-academy-08-all-courses-600x966.jpg","astra-page-api-url":"https:\/\/websitedemos.net\/learndash-academy-08\/wp-json\/wp\/v2\/pages\/25403","dynamic-page":"yes","astra-page-url":"\/\/websitedemos.net\/learndash-academy-08\/all-courses\/","astra-sites-tag":{"1692":"all-courses","462":"courses"},"site-pages-type":"free","site-pages-page-builder":"gutenberg","site-pages-category":[],"site-pages-parent-category":{"60":"business","61":"free"},"required-plugins":[{"slug":"sfwd-lms","init":"sfwd-lms\/sfwd_lms.php","name":"LearnDash LMS"},{"slug":"learndash-course-grid","init":"learndash-course-grid\/learndash_course_grid.php","name":"LearnDash LMS - Course Grid"},{"slug":"ultimate-addons-for-gutenberg","init":"ultimate-addons-for-gutenberg\/ultimate-addons-for-gutenberg.php","name":"Spectra"}]},"id-47985":{"title":"About","featured-image-url":"https:\/\/websitedemos.net\/wp-content\/uploads\/2020\/10\/learndash-academy-08-about-2.jpg","thumbnail-image-url":"https:\/\/websitedemos.net\/wp-content\/uploads\/2020\/10\/learndash-academy-08-about-2-600x1582.jpg","astra-page-api-url":"https:\/\/websitedemos.net\/learndash-academy-08\/wp-json\/wp\/v2\/pages\/25401","dynamic-page":"no","astra-page-url":"\/\/websitedemos.net\/learndash-academy-08\/about\/","astra-sites-tag":{"352":"about","455":"about-us"},"site-pages-type":"free","site-pages-page-builder":"gutenberg","site-pages-category":[],"site-pages-parent-category":{"60":"business","61":"free"},"required-plugins":[{"slug":"ultimate-addons-for-gutenberg","init":"ultimate-addons-for-gutenberg\/ultimate-addons-for-gutenberg.php","name":"Spectra"}]},"id-47987":{"title":"Contact","featured-image-url":"https:\/\/websitedemos.net\/wp-content\/uploads\/2020\/10\/learndash-academy-08-contact-2.jpg","thumbnail-image-url":"https:\/\/websitedemos.net\/wp-content\/uploads\/2020\/10\/learndash-academy-08-contact-2-600x1274.jpg","astra-page-api-url":"https:\/\/websitedemos.net\/learndash-academy-08\/wp-json\/wp\/v2\/pages\/25405","dynamic-page":"no","astra-page-url":"\/\/websitedemos.net\/learndash-academy-08\/contact\/","astra-sites-tag":{"415":"contact","454":"contact-us"},"site-pages-type":"free","site-pages-page-builder":"gutenberg","site-pages-category":[],"site-pages-parent-category":{"60":"business","61":"free"},"required-plugins":[{"slug":"ultimate-addons-for-gutenberg","init":"ultimate-addons-for-gutenberg\/ultimate-addons-for-gutenberg.php","name":"Spectra"}]}},"related-bb-template":"","related-elementor-template":"","related-gutenberg-template":"","related_ecommerce_template":"","ecommerce_parent_template":""},"id-73540":{"title":"Adham Hoffman &#8211; UI\/X Designer","id":73540,"publish-date":1681832261,"featured-image-url":"https:\/\/websitedemos.net\/wp-content\/uploads\/2023\/04\/adham-hoffman-designer.jpg","thumbnail-image-url":"https:\/\/websitedemos.net\/wp-content\/uploads\/2023\/04\/adham-hoffman-designer-600x900.jpg","fullpage-thumbnail-image-url":"https:\/\/websitedemos.net\/wp-content\/uploads\/2023\/04\/adham-hoffman-designer-400x600.jpg","astra-site-url":"\/\/websitedemos.net\/adham-hoffman-designer-bio-02","astra-site-parent-id":3188,"astra-sites-tag":{"2924":"bio","2150":"cv","670":"designer","2297":"designer-portfolio","3173":"link-in-bio","3185":"linkin","3187":"links","3186":"linktree","3124":"personal-portfolio","444":"portfolio","2153":"resume","2212":"social-media","2163":"social-media-influencer","3012":"socialmedia","3014":"uiux","3045":"uiuxcreative","3044":"uiuxdesign"},"astra-sites-type":"free","astra-site-category":{"39":"free"},"astra-sites-template-category":{"3171":"link-in-bio","2770":"personal","2768":"portfolio"},"astra-site-page-builder":"elementor","categories":{"3191":"link-in-bio","2927":"one-page","2488":"portfolio"},"required-plugins":[{"slug":"elementor","init":"elementor\/elementor.php","name":"Elementor"}],"post-status":"publish","post-content":"<!-- wp:paragraph -->\n<p>The Designer Link in Bio template is a landing page with all your essential links front and center. It\u2019s ideal for designers and developers who want to place everything in front of the visitor all at once.<\/p>\n<!-- \/wp:paragraph -->\n\n<!-- wp:paragraph -->\n<p>The design is dark, modern, and engaging and can be fully customized to fit any niche. It\u2019s easy to personalize and provides a center section for links that you can add, remove or change as you see fit. It works on any screen size too!<\/p>\n<!-- \/wp:paragraph -->\n\n<!-- wp:heading -->\n<h2>Key features of the Designer Link in Bio Template<\/h2>\n<!-- \/wp:heading -->\n\n<!-- wp:list -->\n<ul><!-- wp:list-item -->\n<li>Attractive dark link in bio template<\/li>\n<!-- \/wp:list-item -->\n\n<!-- wp:list-item -->\n<li>Can be fully customized<\/li>\n<!-- \/wp:list-item -->\n\n<!-- wp:list-item -->\n<li>Includes everything a link in bio page requires<\/li>\n<!-- \/wp:list-item -->\n\n<!-- wp:list-item -->\n<li>Fast, fully responsive, and loads quickly<\/li>\n<!-- \/wp:list-item -->\n\n<!-- wp:list-item -->\n<li>Full compatibility with leading page builders<\/li>\n<!-- \/wp:list-item --><\/ul>\n<!-- \/wp:list -->","post-excerpt":"Dark Designer Link in Bio template ideal for promoting yourself and your work","pages":{"id-73541":{"title":"Home","featured-image-url":"https:\/\/websitedemos.net\/wp-content\/uploads\/2023\/04\/adham-hoffman-designer-bio-02.jpg","thumbnail-image-url":"https:\/\/websitedemos.net\/wp-content\/uploads\/2023\/04\/adham-hoffman-designer-bio-02-600x347.jpg","astra-page-api-url":"https:\/\/websitedemos.net\/adham-hoffman-designer-bio-02\/wp-json\/wp\/v2\/pages\/7","dynamic-page":"no","astra-page-url":"\/\/websitedemos.net\/adham-hoffman-designer-bio-02\/","astra-sites-tag":{"423":"home"},"site-pages-type":"free","site-pages-page-builder":"elementor","site-pages-category":[],"site-pages-parent-category":{"61":"free"},"required-plugins":[{"slug":"elementor","init":"elementor\/elementor.php","name":"Elementor"}]}},"related-bb-template":"","related-elementor-template":"","related-gutenberg-template":"","related_ecommerce_template":"","ecommerce_parent_template":""},"id-47729":{"title":"Online Health Coach","id":47729,"publish-date":1602768883,"featured-image-url":"https:\/\/websitedemos.net\/wp-content\/uploads\/2020\/10\/online-health-coach-02-home.jpg","thumbnail-image-url":"https:\/\/websitedemos.net\/wp-content\/uploads\/2020\/10\/online-health-coach-02-home.jpg","fullpage-thumbnail-image-url":"https:\/\/websitedemos.net\/wp-content\/uploads\/2020\/10\/online-health-coach-02-home.jpg","astra-site-url":"\/\/websitedemos.net\/online-health-coach-02","astra-site-parent-id":1670,"astra-sites-tag":{"462":"courses","469":"ecourse","468":"elearning","518":"health-coach","467":"learndash","460":"learning","466":"online-courses","975":"online-learning"},"astra-sites-type":"free","astra-site-category":{"27":"business","39":"free"},"astra-sites-template-category":{"2825":"coaching","2835":"elearning","2875":"health-coach","2834":"healthcare","2880":"membership","2827":"online-course"},"astra-site-page-builder":"elementor","categories":{"2494":"elearning","2483":"expert-services"},"required-plugins":[{"slug":"elementor","init":"elementor\/elementor.php","name":"Elementor"},{"slug":"sfwd-lms","init":"sfwd-lms\/sfwd_lms.php","name":"LearnDash LMS"},{"slug":"learndash-course-grid","init":"learndash-course-grid\/learndash_course_grid.php","name":"LearnDash LMS - Course Grid"},{"slug":"wpforms-lite","init":"wpforms-lite\/wpforms.php","name":"WPForms Lite"},{"slug":"presto-player","init":"presto-player\/presto-player.php","name":"Presto Player"}],"post-status":"publish","post-content":"<!-- wp:paragraph -->\n<p>Are you a health coach? Want to offer coaching online? Our Online Health Coach website template helps you get started today. The template has all the tools and features you need to start a full-fledged coaching business.<\/p>\n<!-- \/wp:paragraph -->\n\n<!-- wp:paragraph -->\n<p>You can create and manage courses easily thanks to the seamless integration with WordPress LMS plugins. The template allows you to include details of the trainers, student testimonials and build an email list through a newsletter subscription form.<\/p>\n<!-- \/wp:paragraph -->\n\n<!-- wp:heading -->\n<h2>Key features of the Online Health Coach template<\/h2>\n<!-- \/wp:heading -->\n\n<!-- wp:list -->\n<ul><!-- wp:list-item -->\n<li>Clean and simple design that comes with everything you need to build a coaching business<\/li>\n<!-- \/wp:list-item -->\n\n<!-- wp:list-item -->\n<li>Seamlessly integrates with popular WordPress LMS plugins<\/li>\n<!-- \/wp:list-item -->\n\n<!-- wp:list-item -->\n<li>Create courses from scratch and manage them easily through your dashboard<\/li>\n<!-- \/wp:list-item -->\n\n<!-- wp:list-item -->\n<li>Customize just about everything<\/li>\n<!-- \/wp:list-item -->\n\n<!-- wp:list-item -->\n<li>Gutenberg and page builder ready<\/li>\n<!-- \/wp:list-item --><\/ul>\n<!-- \/wp:list -->","post-excerpt":"Perfect solution for people who want to start an online health coaching business","pages":{"id-47733":{"title":"Home","featured-image-url":"https:\/\/websitedemos.net\/wp-content\/uploads\/2020\/10\/online-health-coach-02-home.jpg","thumbnail-image-url":"https:\/\/websitedemos.net\/wp-content\/uploads\/2020\/10\/online-health-coach-02-home.jpg","astra-page-api-url":"https:\/\/websitedemos.net\/online-health-coach-02\/wp-json\/wp\/v2\/pages\/7","dynamic-page":"no","astra-page-url":"\/\/websitedemos.net\/online-health-coach-02\/","astra-sites-tag":{"423":"home"},"site-pages-type":"free","site-pages-page-builder":"elementor","site-pages-category":[],"site-pages-parent-category":{"60":"business","61":"free"},"required-plugins":[{"slug":"elementor","init":"elementor\/elementor.php","name":"Elementor"}]},"id-47731":{"title":"All Courses","featured-image-url":"https:\/\/websitedemos.net\/wp-content\/uploads\/2020\/10\/online-health-coach-02-courses.jpg","thumbnail-image-url":"https:\/\/websitedemos.net\/wp-content\/uploads\/2020\/10\/online-health-coach-02-courses.jpg","astra-page-api-url":"https:\/\/websitedemos.net\/online-health-coach-02\/wp-json\/wp\/v2\/pages\/24254","dynamic-page":"yes","astra-page-url":"\/\/websitedemos.net\/online-health-coach-02\/all-courses\/","astra-sites-tag":{"462":"courses"},"site-pages-type":"free","site-pages-page-builder":"elementor","site-pages-category":[],"site-pages-parent-category":{"60":"business","61":"free"},"required-plugins":[{"slug":"elementor","init":"elementor\/elementor.php","name":"Elementor"}]},"id-47730":{"title":"About","featured-image-url":"https:\/\/websitedemos.net\/wp-content\/uploads\/2020\/10\/online-health-coach-02-about.jpg","thumbnail-image-url":"https:\/\/websitedemos.net\/wp-content\/uploads\/2020\/10\/online-health-coach-02-about.jpg","astra-page-api-url":"https:\/\/websitedemos.net\/online-health-coach-02\/wp-json\/wp\/v2\/pages\/104","dynamic-page":"no","astra-page-url":"\/\/websitedemos.net\/online-health-coach-02\/about\/","astra-sites-tag":{"352":"about"},"site-pages-type":"free","site-pages-page-builder":"elementor","site-pages-category":[],"site-pages-parent-category":{"60":"business","61":"free"},"required-plugins":[{"slug":"elementor","init":"elementor\/elementor.php","name":"Elementor"}]},"id-47732":{"title":"Contact","featured-image-url":"https:\/\/websitedemos.net\/wp-content\/uploads\/2020\/10\/online-health-coach-02-contact.jpg","thumbnail-image-url":"https:\/\/websitedemos.net\/wp-content\/uploads\/2020\/10\/online-health-coach-02-contact.jpg","astra-page-api-url":"https:\/\/websitedemos.net\/online-health-coach-02\/wp-json\/wp\/v2\/pages\/105","dynamic-page":"no","astra-page-url":"\/\/websitedemos.net\/online-health-coach-02\/contact\/","astra-sites-tag":{"415":"contact"},"site-pages-type":"free","site-pages-page-builder":"elementor","site-pages-category":[],"site-pages-parent-category":{"60":"business","61":"free"},"required-plugins":[{"slug":"elementor","init":"elementor\/elementor.php","name":"Elementor"},{"slug":"wpforms-lite","init":"wpforms-lite\/wpforms.php","name":"WPForms Lite"}]}},"related-bb-template":"","related-elementor-template":"","related-gutenberg-template":"","related_ecommerce_template":"","ecommerce_parent_template":""},"id-49457":{"title":"Coffee Shop","id":49457,"publish-date":1608767094,"featured-image-url":"https:\/\/websitedemos.net\/wp-content\/uploads\/2020\/12\/coffee-shop-04.jpg","thumbnail-image-url":"https:\/\/websitedemos.net\/wp-content\/uploads\/2020\/12\/coffee-shop-04.jpg","fullpage-thumbnail-image-url":"https:\/\/websitedemos.net\/wp-content\/uploads\/2020\/12\/coffee-shop-04.jpg","astra-site-url":"\/\/websitedemos.net\/coffee-shop-04","astra-site-parent-id":1843,"astra-sites-tag":{"693":"cafe","2042":"cafe-bar","1527":"cafeteria","2043":"coffee-house","1575":"coffee-shop","2421":"purchases","2417":"reseller","335":"restaurant","2041":"snack-bar"},"astra-sites-type":"agency-mini","astra-site-category":{"27":"business"},"astra-sites-template-category":{"2777":"business","2785":"food","2776":"restaurant"},"astra-site-page-builder":"elementor","categories":{"2496":"restaurant-food"},"required-plugins":[{"slug":"elementor","init":"elementor\/elementor.php","name":"Elementor"},{"slug":"wpforms-lite","init":"wpforms-lite\/wpforms.php","name":"WPForms Lite"}],"post-status":"publish","post-content":"<!-- wp:paragraph -->\n<p>Whether you are building a coffee shop website from scratch or revamping an existing one, our Coffee Shop template is precisely what you need. From the colors to the layout, every element of the template is going to recreate the experience.<\/p>\n<!-- \/wp:paragraph -->\n\n<!-- wp:paragraph -->\n<p>Include the menu, photos, and showcase some of your best drinks on the homepage. With deep WooCommerce integration, you can even sell products such as coffee beans, coffee powders, and more.<\/p>\n<!-- \/wp:paragraph -->\n\n<!-- wp:heading -->\n<h2>Key features of the Coffee Shop template<\/h2>\n<!-- \/wp:heading -->\n\n<!-- wp:list -->\n<ul><li>Minimalistic yet highly creative coffee shop website template<\/li><li>Showcase your best drink and coffee-related products on the homepage<\/li><li>Sell your coffee-related products online<\/li><li>Fully customizable and mobile-friendly template<\/li><li>SEO-friendly template, allowing you to be found on search engines<\/li><\/ul>\n<!-- \/wp:list -->","post-excerpt":"A creatively designed website template for recreating your coffee shop experience","pages":{"id-49461":{"title":"Home","featured-image-url":"https:\/\/websitedemos.net\/wp-content\/uploads\/2020\/12\/coffee-shop-04.jpg","thumbnail-image-url":"https:\/\/websitedemos.net\/wp-content\/uploads\/2020\/12\/coffee-shop-04.jpg","astra-page-api-url":"https:\/\/websitedemos.net\/coffee-shop-04\/wp-json\/wp\/v2\/pages\/6","dynamic-page":"no","astra-page-url":"\/\/websitedemos.net\/coffee-shop-04\/","astra-sites-tag":{"423":"home"},"site-pages-type":"agency-mini","site-pages-page-builder":"elementor","site-pages-category":[],"site-pages-parent-category":{"60":"business"},"required-plugins":[{"slug":"elementor","init":"elementor\/elementor.php","name":"Elementor"}]},"id-49462":{"title":"Our Menu","featured-image-url":"https:\/\/websitedemos.net\/wp-content\/uploads\/2020\/12\/coffee-shop-04-our-menu.jpg","thumbnail-image-url":"https:\/\/websitedemos.net\/wp-content\/uploads\/2020\/12\/coffee-shop-04-our-menu.jpg","astra-page-api-url":"https:\/\/websitedemos.net\/coffee-shop-04\/wp-json\/wp\/v2\/pages\/9","dynamic-page":"no","astra-page-url":"\/\/websitedemos.net\/coffee-shop-04\/our-menu\/","astra-sites-tag":{"1579":"food-menu","565":"menu","1578":"our-menu"},"site-pages-type":"agency-mini","site-pages-page-builder":"elementor","site-pages-category":[],"site-pages-parent-category":{"60":"business"},"required-plugins":[{"slug":"elementor","init":"elementor\/elementor.php","name":"Elementor"}]},"id-49458":{"title":"About","featured-image-url":"https:\/\/websitedemos.net\/wp-content\/uploads\/2020\/12\/coffee-shop-04-about.jpg","thumbnail-image-url":"https:\/\/websitedemos.net\/wp-content\/uploads\/2020\/12\/coffee-shop-04-about.jpg","astra-page-api-url":"https:\/\/websitedemos.net\/coffee-shop-04\/wp-json\/wp\/v2\/pages\/11","dynamic-page":"no","astra-page-url":"\/\/websitedemos.net\/coffee-shop-04\/about\/","astra-sites-tag":{"352":"about"},"site-pages-type":"agency-mini","site-pages-page-builder":"elementor","site-pages-category":[],"site-pages-parent-category":{"60":"business"},"required-plugins":[{"slug":"elementor","init":"elementor\/elementor.php","name":"Elementor"}]},"id-49460":{"title":"Gallery","featured-image-url":"https:\/\/websitedemos.net\/wp-content\/uploads\/2020\/12\/coffee-shop-04-gallery.jpg","thumbnail-image-url":"https:\/\/websitedemos.net\/wp-content\/uploads\/2020\/12\/coffee-shop-04-gallery.jpg","astra-page-api-url":"https:\/\/websitedemos.net\/coffee-shop-04\/wp-json\/wp\/v2\/pages\/15","dynamic-page":"no","astra-page-url":"\/\/websitedemos.net\/coffee-shop-04\/gallery\/","astra-sites-tag":{"461":"gallery"},"site-pages-type":"agency-mini","site-pages-page-builder":"elementor","site-pages-category":[],"site-pages-parent-category":{"60":"business"},"required-plugins":[{"slug":"elementor","init":"elementor\/elementor.php","name":"Elementor"}]},"id-49459":{"title":"Contact","featured-image-url":"https:\/\/websitedemos.net\/wp-content\/uploads\/2020\/12\/coffee-shop-04-contact.jpg","thumbnail-image-url":"https:\/\/websitedemos.net\/wp-content\/uploads\/2020\/12\/coffee-shop-04-contact.jpg","astra-page-api-url":"https:\/\/websitedemos.net\/coffee-shop-04\/wp-json\/wp\/v2\/pages\/13","dynamic-page":"no","astra-page-url":"\/\/websitedemos.net\/coffee-shop-04\/contact\/","astra-sites-tag":{"415":"contact","454":"contact-us","896":"get-connected","377":"get-in-touch"},"site-pages-type":"agency-mini","site-pages-page-builder":"elementor","site-pages-category":[],"site-pages-parent-category":{"60":"business"},"required-plugins":[{"slug":"elementor","init":"elementor\/elementor.php","name":"Elementor"},{"slug":"wpforms-lite","init":"wpforms-lite\/wpforms.php","name":"WPForms Lite"}]}},"related-bb-template":"","related-elementor-template":"","related-gutenberg-template":"","related_ecommerce_template":"","ecommerce_parent_template":""},"id-48741":{"title":"Online Health Coach","id":48741,"publish-date":1605548885,"featured-image-url":"https:\/\/websitedemos.net\/wp-content\/uploads\/2020\/11\/online-health-coach-01-home-1.jpg","thumbnail-image-url":"https:\/\/websitedemos.net\/wp-content\/uploads\/2020\/11\/online-health-coach-01-home-1.jpg","fullpage-thumbnail-image-url":"https:\/\/websitedemos.net\/wp-content\/uploads\/2020\/11\/online-health-coach-01-home-1.jpg","astra-site-url":"\/\/websitedemos.net\/online-health-coach-01","astra-site-parent-id":1766,"astra-sites-tag":{"462":"courses","469":"ecourse","468":"elearning","518":"health-coach","467":"learndash","460":"learning","466":"online-courses","975":"online-learning"},"astra-sites-type":"free","astra-site-category":{"27":"business","39":"free"},"astra-sites-template-category":[],"astra-site-page-builder":"beaver-builder","categories":{"2494":"elearning","2483":"expert-services"},"required-plugins":[{"slug":"beaver-builder-lite-version","init":"beaver-builder-lite-version\/fl-builder.php","name":"Beaver Builder Plugin (Lite Version)"},{"slug":"sfwd-lms","init":"sfwd-lms\/sfwd_lms.php","name":"LearnDash LMS"},{"slug":"learndash-course-grid","init":"learndash-course-grid\/learndash_course_grid.php","name":"LearnDash LMS - Course Grid"},{"slug":"ultimate-addons-for-beaver-builder-lite","init":"ultimate-addons-for-beaver-builder-lite\/bb-ultimate-addon.php","name":"Ultimate Addons for Beaver Builder - Lite"},{"slug":"presto-player","init":"presto-player\/presto-player.php","name":"Presto Player"},{"slug":"wpforms-lite","init":"wpforms-lite\/wpforms.php","name":"WPForms Lite"}],"post-status":"publish","post-content":"","post-excerpt":"","pages":{"id-48742":{"title":"About","featured-image-url":"https:\/\/websitedemos.net\/wp-content\/uploads\/2020\/11\/online-health-coach-01-about-1.jpg","thumbnail-image-url":"https:\/\/websitedemos.net\/wp-content\/uploads\/2020\/11\/online-health-coach-01-about-1.jpg","astra-page-api-url":"https:\/\/websitedemos.net\/online-health-coach-01\/wp-json\/wp\/v2\/pages\/24369","dynamic-page":"no","astra-page-url":"\/\/websitedemos.net\/online-health-coach-01\/about\/","astra-sites-tag":{"352":"about"},"site-pages-type":"free","site-pages-page-builder":"beaver-builder","site-pages-category":[],"site-pages-parent-category":{"60":"business","61":"free"},"required-plugins":[{"slug":"beaver-builder-lite-version","init":"beaver-builder-lite-version\/fl-builder.php","name":"Beaver Builder Plugin (Lite Version)"},{"slug":"ultimate-addons-for-beaver-builder-lite","init":"ultimate-addons-for-beaver-builder-lite\/bb-ultimate-addon.php","name":"Ultimate Addons for Beaver Builder - Lite"}]},"id-48743":{"title":"All Courses","featured-image-url":"https:\/\/websitedemos.net\/wp-content\/uploads\/2020\/11\/online-health-coach-01-courses-1.jpg","thumbnail-image-url":"https:\/\/websitedemos.net\/wp-content\/uploads\/2020\/11\/online-health-coach-01-courses-1.jpg","astra-page-api-url":"https:\/\/websitedemos.net\/online-health-coach-01\/wp-json\/wp\/v2\/pages\/24366","dynamic-page":"yes","astra-page-url":"\/\/websitedemos.net\/online-health-coach-01\/all-courses\/","astra-sites-tag":{"462":"courses"},"site-pages-type":"free","site-pages-page-builder":"beaver-builder","site-pages-category":[],"site-pages-parent-category":{"60":"business","61":"free"},"required-plugins":[{"slug":"beaver-builder-lite-version","init":"beaver-builder-lite-version\/fl-builder.php","name":"Beaver Builder Plugin (Lite Version)"},{"slug":"ultimate-addons-for-beaver-builder-lite","init":"ultimate-addons-for-beaver-builder-lite\/bb-ultimate-addon.php","name":"Ultimate Addons for Beaver Builder - Lite"}]},"id-48744":{"title":"Contact","featured-image-url":"https:\/\/websitedemos.net\/wp-content\/uploads\/2020\/11\/online-health-coach-01-contact-1.jpg","thumbnail-image-url":"https:\/\/websitedemos.net\/wp-content\/uploads\/2020\/11\/online-health-coach-01-contact-1.jpg","astra-page-api-url":"https:\/\/websitedemos.net\/online-health-coach-01\/wp-json\/wp\/v2\/pages\/24370","dynamic-page":"no","astra-page-url":"\/\/websitedemos.net\/online-health-coach-01\/contact\/","astra-sites-tag":{"415":"contact"},"site-pages-type":"free","site-pages-page-builder":"beaver-builder","site-pages-category":[],"site-pages-parent-category":{"60":"business","61":"free"},"required-plugins":[{"slug":"beaver-builder-lite-version","init":"beaver-builder-lite-version\/fl-builder.php","name":"Beaver Builder Plugin (Lite Version)"},{"slug":"ultimate-addons-for-beaver-builder-lite","init":"ultimate-addons-for-beaver-builder-lite\/bb-ultimate-addon.php","name":"Ultimate Addons for Beaver Builder - Lite"},{"slug":"wpforms-lite","init":"wpforms-lite\/wpforms.php","name":"WPForms Lite"}]},"id-48745":{"title":"Home","featured-image-url":"https:\/\/websitedemos.net\/wp-content\/uploads\/2020\/11\/online-health-coach-01-home-1.jpg","thumbnail-image-url":"https:\/\/websitedemos.net\/wp-content\/uploads\/2020\/11\/online-health-coach-01-home-1.jpg","astra-page-api-url":"https:\/\/websitedemos.net\/online-health-coach-01\/wp-json\/wp\/v2\/pages\/24365","dynamic-page":"no","astra-page-url":"\/\/websitedemos.net\/online-health-coach-01\/","astra-sites-tag":{"423":"home"},"site-pages-type":"free","site-pages-page-builder":"beaver-builder","site-pages-category":[],"site-pages-parent-category":{"60":"business","61":"free"},"required-plugins":[{"slug":"beaver-builder-lite-version","init":"beaver-builder-lite-version\/fl-builder.php","name":"Beaver Builder Plugin (Lite Version)"},{"slug":"ultimate-addons-for-beaver-builder-lite","init":"ultimate-addons-for-beaver-builder-lite\/bb-ultimate-addon.php","name":"Ultimate Addons for Beaver Builder - Lite"}]}},"related-bb-template":"","related-elementor-template":"","related-gutenberg-template":"","related_ecommerce_template":"","ecommerce_parent_template":""},"id-47932":{"title":"Online Health Coach","id":47932,"publish-date":1603823106,"featured-image-url":"https:\/\/websitedemos.net\/wp-content\/uploads\/2020\/10\/online-health-08.jpg","thumbnail-image-url":"https:\/\/websitedemos.net\/wp-content\/uploads\/2020\/10\/online-health-08-600x1990.jpg","fullpage-thumbnail-image-url":"https:\/\/websitedemos.net\/wp-content\/uploads\/2020\/10\/online-health-08-400x1327.jpg","astra-site-url":"\/\/websitedemos.net\/online-health-coach-08","astra-site-parent-id":1684,"astra-sites-tag":{"462":"courses","469":"ecourse","468":"elearning","518":"health-coach","467":"learndash","460":"learning","466":"online-courses","975":"online-learning"},"astra-sites-type":"free","astra-site-category":{"27":"business","39":"free"},"astra-sites-template-category":[],"astra-site-page-builder":"gutenberg","categories":{"2494":"elearning"},"required-plugins":[{"slug":"ultimate-addons-for-gutenberg","init":"ultimate-addons-for-gutenberg\/ultimate-addons-for-gutenberg.php","name":"Spectra"},{"slug":"sfwd-lms","init":"sfwd-lms\/sfwd_lms.php","name":"LearnDash LMS"},{"slug":"learndash-course-grid","init":"learndash-course-grid\/learndash_course_grid.php","name":"LearnDash LMS - Course Grid"},{"slug":"presto-player","init":"presto-player\/presto-player.php","name":"Presto Player"}],"post-status":"publish","post-content":"","post-excerpt":"","pages":{"id-47941":{"title":"Home","featured-image-url":"https:\/\/websitedemos.net\/wp-content\/uploads\/2020\/10\/online-health-08.jpg","thumbnail-image-url":"https:\/\/websitedemos.net\/wp-content\/uploads\/2020\/10\/online-health-08-600x1990.jpg","astra-page-api-url":"https:\/\/websitedemos.net\/online-health-coach-08\/wp-json\/wp\/v2\/pages\/24365","dynamic-page":"no","astra-page-url":"\/\/websitedemos.net\/online-health-coach-08\/","astra-sites-tag":{"423":"home"},"site-pages-type":"free","site-pages-page-builder":"gutenberg","site-pages-category":[],"site-pages-parent-category":{"60":"business","61":"free"},"required-plugins":[{"slug":"ultimate-addons-for-gutenberg","init":"ultimate-addons-for-gutenberg\/ultimate-addons-for-gutenberg.php","name":"Spectra"}]},"id-47939":{"title":"All Courses","featured-image-url":"https:\/\/websitedemos.net\/wp-content\/uploads\/2020\/10\/online-health-08-courses.jpg","thumbnail-image-url":"https:\/\/websitedemos.net\/wp-content\/uploads\/2020\/10\/online-health-08-courses-600x954.jpg","astra-page-api-url":"https:\/\/websitedemos.net\/online-health-coach-08\/wp-json\/wp\/v2\/pages\/24366","dynamic-page":"yes","astra-page-url":"\/\/websitedemos.net\/online-health-coach-08\/all-courses\/","astra-sites-tag":{"462":"courses"},"site-pages-type":"free","site-pages-page-builder":"gutenberg","site-pages-category":[],"site-pages-parent-category":{"60":"business","61":"free"},"required-plugins":[{"slug":"sfwd-lms","init":"sfwd-lms\/sfwd_lms.php","name":"LearnDash LMS"},{"slug":"learndash-course-grid","init":"learndash-course-grid\/learndash_course_grid.php","name":"LearnDash LMS - Course Grid"},{"slug":"ultimate-addons-for-gutenberg","init":"ultimate-addons-for-gutenberg\/ultimate-addons-for-gutenberg.php","name":"Spectra"}]},"id-47938":{"title":"About","featured-image-url":"https:\/\/websitedemos.net\/wp-content\/uploads\/2020\/10\/online-health-08-about.jpg","thumbnail-image-url":"https:\/\/websitedemos.net\/wp-content\/uploads\/2020\/10\/online-health-08-about-600x1541.jpg","astra-page-api-url":"https:\/\/websitedemos.net\/online-health-coach-08\/wp-json\/wp\/v2\/pages\/24368","dynamic-page":"no","astra-page-url":"\/\/websitedemos.net\/online-health-coach-08\/about\/","astra-sites-tag":{"352":"about"},"site-pages-type":"free","site-pages-page-builder":"gutenberg","site-pages-category":[],"site-pages-parent-category":{"60":"business","61":"free"},"required-plugins":[{"slug":"ultimate-addons-for-gutenberg","init":"ultimate-addons-for-gutenberg\/ultimate-addons-for-gutenberg.php","name":"Spectra"}]},"id-47940":{"title":"Contact","featured-image-url":"https:\/\/websitedemos.net\/wp-content\/uploads\/2020\/10\/online-health-08-contact.jpg","thumbnail-image-url":"https:\/\/websitedemos.net\/wp-content\/uploads\/2020\/10\/online-health-08-contact-600x734.jpg","astra-page-api-url":"https:\/\/websitedemos.net\/online-health-coach-08\/wp-json\/wp\/v2\/pages\/24369","dynamic-page":"no","astra-page-url":"\/\/websitedemos.net\/online-health-coach-08\/contact\/","astra-sites-tag":{"415":"contact"},"site-pages-type":"free","site-pages-page-builder":"gutenberg","site-pages-category":[],"site-pages-parent-category":{"60":"business","61":"free"},"required-plugins":[{"slug":"ultimate-addons-for-gutenberg","init":"ultimate-addons-for-gutenberg\/ultimate-addons-for-gutenberg.php","name":"Spectra"}]}},"related-bb-template":"","related-elementor-template":"","related-gutenberg-template":"","related_ecommerce_template":"","ecommerce_parent_template":""}}